query,published_utc,title,publisher,url
macOS 27,2026-09-08 07:00:00+00:00,macOS 27 Golden Gate could be released sooner than you think - The Apple Post,The Apple Post,https://news.google.com/rss/articles/CBMiqwFBVV95cUxOalFucWlEOVk1M0MtTWVJMkhGZE90bUNsbnM1QWFoR2JLcWhMX18zeUZyQ3VYMmpkd1ZyMGZQMWE4X3VkVjc1OGZtMllDNlRmd2hSWXBIa19tSnFRc3I1dEFtTFZhdnFVVmVPRkdHT2VjX0VlQTJGTEZNSENuZDlsNGVkSi0xcGc4WllwTlhuWk1VQ21Qa01jRTdjVTNnazhtMWFjdlJtSnZrbWvSAbABQVVfeXFMT0xmdDlfWHJtQk5SNmNobWs3YVhvZzdCY3J2bW1HZk5NVUZGRTUzNmlJWDFNdV81ZXIwaVNSVDhuV3lQclhCUFRUR1FVcDdfMF80MXJIVFNmVXdvdkZROXpDWlFhNjBEdS1uMnhTdkRQNzFCUHFlcGs5UmFJaEhOQTZWeTRoRzVOXy1tcFpUVXVnSlR4SkhFNGUxOGI0R2dkTTRKWFREeXIxTXRUNzZFS3Y?oc=5
iPadOS 27,2026-09-08 07:00:00+00:00,"iOS 26.6.2, iPadOS 26.6.2 land as iOS 27 gets closer to release - AppleInsider",AppleInsider,https://news.google.com/rss/articles/CBMiowFBVV95cUxPcTIza1lMMFRvQWxKUnRWZDhMdjU0WTBKQ3Zqd0RkX18zOGZuRFQ4Z2UtVTRVLVBPRHBZSjl0Q0czU0RpVGQzdmkzeW55VkRldFZfQkRlbVBHa1dpTXl0ZEoxeXNWMDduNHJyN2hHZXJweVdPanRZZEp3Vk1BMmdPSGwwU010S1cyUWRldUpockY3dmZqaG5VNnNWbnRRQV9TT2tF?oc=5
iPadOS 27,2026-09-08 07:00:00+00:00,"I explored iOS 27 beta 8, and while Apple fixed a ton, big bugs remain - PhoneArena",PhoneArena,https://news.google.com/rss/articles/CBMipgFBVV95cUxOM3M3Ykx5UzNENzhfQ0RIVndkLTFNcWZVdTdUYVdNOWlLWGNDSGtmenkyOTByd0thSVZobjNsbGswb0VzaFo1N0FRaWFDWVR6dG92Wmo3WnZVNlRNLXNJTE1DeThGTVo2LXJUZ3pDcXB2UTMyUGlWN0pQWXBDcjY0SThsTjNYLU13TWxqZFBtcHNjQVRTVTNOSV9SQVM3S1c0SVJOeWNB?oc=5
Android 17,2026-09-08 07:00:00+00:00,"Sony Xperia 1 VIII receives the Android 17 update, here's what's new - GSMArena.com news - GSMArena.com",GSMArena.com,https://news.google.com/rss/articles/CBMiowFBVV95cUxQNVp5bW80STM4VkZheTRoOXhtbmZaSzAyRG5tY3F4SFBJTFVfOFN2UXphQWNsZ0lNWERDazRTdVB3YkZFWndfbHpWd3RXZTNOSmRKTmRjdHpocXh1dzNIZkdrQkJ1dDc2alVWd0VlQzJ5U1YtdG5yYVAxWDZVVFdDeXJCMDdpQTRJejlwT09McU5FS2NvSDNxUVcwYWxwMWFldFhB0gGfAUFVX3lxTFBUbnZVOTQzSGpCT1liWXJJSWZMOXFwY3BEUHI3eWdCMjFXZ1pkTEVwNlBZTHkwZWNKM0V5UGRIZ09MTEVXQk1VbDRFLUh6X3Z2MkQ2ZFYzM0QxMTIwZWduazBPdVB0WHhGcmVreFdYb1RxdDdTVVZELTNROTZ6eWdldFVOcjNldm1wQURhampwbmx6TXB6d2tqa2xlcVMtYw?oc=5
iPadOS 27,2026-09-09 07:00:00+00:00,Apple Seeds iOS 27 and iPadOS 27 Release Candidates - MacRumors,MacRumors,https://news.google.com/rss/articles/CBMiY0FVX3lxTFBncm1wRXlSS1NZcE9hMTNQVndscGIzcHotSEgzLVc0VllUT2h0Wi01MDVndHhsWVlYOXlmTy1LUmhxbWhuLUpMYUVyUXM4TTZqQ3BjY1hnZXhRd21wTTJtUnF3aw?oc=5
iPadOS 27,2026-09-09 07:00:00+00:00,"iOS 27 arrives on September 14, here's what you'll get - AppleInsider",AppleInsider,https://news.google.com/rss/articles/CBMimgFBVV95cUxOblZ3akx6LURCWnYtN081MkZLZ3ZzeE5LWmJYZXZRcG5MaUZOdUxNeGFwRnBHdk1kRFNXS3dnMklIOUJDMFNTNzI3Qmw1Rk5HR01rRWctY3g0RGNCYjZIcnNfR1plWGNqNlNkSDlpZU5kWjIzOTdPQllrMWo1WFZJQk1vS3RIUDFCYy1BMHNSNHhGMFFRYzRzUXRn?oc=5
iPadOS 27,2026-09-09 07:00:00+00:00,"iPadOS 27 launches on September 14, here are the compatible devices - 9to5Mac",9to5Mac,https://news.google.com/rss/articles/CBMif0FVX3lxTE9Bc2EyYVM2SXRsM0lrRndRZjBYU3ZSS0lXMmVLeGRwY3ZYN3pQNWVLM0lTSGQ0R0ZPUWMweEVHNG5vdHo4YmI1WnBkV19FOURWdmdVNUw4Yi1DcnRDSU5kSlNuQTEtekJMUzhkRDkwMDNzSWtUNm5XVTQ1b0dUcmc?oc=5
iPadOS 27,2026-09-09 07:00:00+00:00,"Apple releases iPadOS 27 RC, plus watchOS 27 and more - 9to5Mac",9to5Mac,https://news.google.com/rss/articles/CBMijAFBVV95cUxPODl3VF9mQWRwejFLY29LVHVaa2lmZ3dpWE16SUUwOUc5ZU5uVk9vdFFLTGxhbl9iWmFpTlhqSzFpTVcxMFpmdDA3d2cwWTVSVkl1R1RLbzhHdnpSdXZPZ1ZQb0dXbjNPSVFGUlhqUVdRTnVRaDVmcEJ0TTJIUFRMVHhmUUI1d2lFWHFWZQ?oc=5
iPadOS 27,2026-09-09 07:00:00+00:00,"First release candidates of iOS 27, macOS 27 arrive as release nears - AppleInsider",AppleInsider,https://news.google.com/rss/articles/CBMirwFBVV95cUxOZWdTbms3QldGOUh3Y0tUWVlOUEExTlg2Z0FDX3BKR1ZncXQ2eWFkNzNFalJHc1hHVF9zRFRtOWNfMlFkeHBRVEtZWXZjeVVPQ0loWlVQcDZsRDBFbnkxdktoa3E0VTh0S3JGM1podzRFREtyeVdfTV9NV2R4U1V1TDczZTNUc3BSZVNXcF84MnJmMHZGZjhUUXltZ3I1T21VQmpyUnA5ZS02Wm9VTk9R?oc=5
Apple Intelligence,2026-09-09 07:00:00+00:00,"Introducing Apple Watch Series 12, with the all-new Health Sensing System - Apple",Apple,https://news.google.com/rss/articles/CBMisgFBVV95cUxOWGFtdWNJcy1ibGVLaFZWM3pvYmZ6VEg4NkhWVFhMd1I4ZmgzMlNWUi1JZ2JUeHBQbV9aUW1KYktSclRGM0lJcXJ4YVpHR2l0bjRvX2RZdHc2dFE1bFhzdzJFTFlWdi1ITWRuLUZHQXVqdDc1ZF85WWFPYmQxSXBXajVDaU5FYnItQVUtY2M3UmtDd1N2VEhvTHIyNHFfZUxmakxTVF81LTNIclQ4ejduLVJR?oc=5
iPadOS 27,2026-09-09 07:00:00+00:00,"This is when iOS 27, iPadOS 27, watchOS 27 and macOS Golden Gate arrive - Cult of Mac",Cult of Mac,https://news.google.com/rss/articles/CBMie0FVX3lxTE1lWjJ6T3ZwUVF2eVcwZ2lsejBXRUd4LXVzeVJ5TDVGMGYzVmVmT25oSkRuY0d6OXN5LTVNcTlpdW1fYnFVa0NKZHYweGExSXdVTDJVaVc2bnk0akZnLTV6Y3d6N0xlTXVRck1NbU5nSER4OGJjanN4UmZyZw?oc=5
Android 17,2026-09-09 07:00:00+00:00,"Pixel 11 gets early September update, not Android 17 QPR1 [U: OTA images] - 9to5Google",9to5Google,https://news.google.com/rss/articles/CBMidEFVX3lxTE5FY2xtQU00SDZGajFvWHB0Mk5CckxXbnoydzBVVmZycndaX1MxV0llZHM4ZlNyWVR3aHVYcENMQnhLVUNoUnNfeC1jQXRjNGdKdnlwRWdNQV9rLUVZbkJaWks1NnB5Rlp3eElVbTlWcnhnang3?oc=5
Apple Intelligence,2026-09-09 07:00:00+00:00,Apple shares more details about Apple Intelligence usage limits and terms - 9to5Mac,9to5Mac,https://news.google.com/rss/articles/CBMiqAFBVV95cUxPYXA1bkFIME9nM1RKaUgxUnUyT1laelJ5bV8tMWJ5cHFISE8xWjVERHFKTVIySjJYTWF5YlJQeEhkUW9ZYmpiVDF6aDBEUmtvRUFVaHZfRk9vcXhuLUZDMEkzQzcyVXVfWWN4UlZwR2pQbktBYlFYMWQ5SXhvLXFtVkNOVVBDQ1FRZjh1SF9lbDhVajJjODBpX0ZVS3pzUVZQR3dRVmZlMXU?oc=5
macOS 27,2026-09-09 07:00:00+00:00,macOS 27 Golden Gate will be available on September 14 - AppleInsider,AppleInsider,https://news.google.com/rss/articles/CBMingFBVV95cUxOS0JpeDM2SHdva2ZjSWdvdFFzenc0RlBsSVlXak5UVG81dGlMWm9KSm5VNzlOWklpTERlclMwTnpNUnFYUlpMQVUta0NWMFB0UnVyYVpYQmw1ZzhwRlFuRHhRdkwzSEttYlpmQ2NKaGN1QnhXTDUxMFlnaTdUZnpyUktNeWV1aHZ6dzdNU09FV3ZUOEU0QTBuU3M5cklSZw?oc=5
Apple Intelligence,2026-09-09 07:00:00+00:00,Apple advances health and fitness capabilities using Apple Intelligence - Apple,Apple,https://news.google.com/rss/articles/CBMisAFBVV95cUxOM2xITGZpaTNEMy1OYnAtZlVkdnZWbHF4blJhRXVwY0dUN2tfc3hidGkzREMxamZzRk45QWlwVFFrQUVIQlZ0OW1WbnQ5M0p5UW5mdVY3RXFJYUQ2aXVEeXdXaHFNWTFWb2Z5MGFOblZ4TjF6UUxmbjZadUpQQjlTemwyOXNLazVtU1ZlOTA2VnIzN3FWcG80YUhiWUQ3aFZGa2FaWEY3eVVyVjVJYnoxUA?oc=5
macOS 27,2026-09-09 07:00:00+00:00,Apple confirms macOS 27 Golden Gate launch date: September 14 - 9to5Mac,9to5Mac,https://news.google.com/rss/articles/CBMilwFBVV95cUxPZzdtM3FIbm82Wk1GSDFLS0ZTZHJvZVVpS29sOEhlX0MwbEYyU0RRalcwY0hKanZmVzFfRkw0ZzJXd0VQSVAzTXJwcG9tQ2o0YlF3TV9lZTBWR2lKY2FVUUdSWUNoT2RRM3g0NHoyQTlTSEY5cVZ2YVExRG1laUl1c0NoVEdld3NQdHNrdUltbnAwZ19yNUhZ?oc=5
macOS 27,2026-09-09 07:00:00+00:00,macOS 27 Golden Gate: Here are Apple’s full release notes - 9to5Mac,9to5Mac,https://news.google.com/rss/articles/CBMikAFBVV95cUxQNDc0WURRT1VzTW5OdWxWZnFzZEpoVFNOS3M3STUxQzNmTzJQRE9mRllyeGs2NmJHSjZTdnoxek1mbDY3UzdMQkl1dnFwdm1lX0FOaV80cDU5dGMteGJQTXBWREp3TTJhZmxJWjczTC0yT1pZZ3pkdFozVjJyRkxpb2ZjdURBM3FBS2Z5V2N1ZmM?oc=5
macOS 27,2026-09-09 07:00:00+00:00,macOS Golden Gate Release Candidate Now Available - MacRumors,MacRumors,https://news.google.com/rss/articles/CBMibkFVX3lxTE1qTlQtQ1pISnF1TFJSRGFpVGlvSWhjLXdqY3hvNzZyRHNtb1o4YmdTaTM1ZzVacnNLdlhOTDJ0WGRGRFhvbGRURWktOWo0NExoNUZKcFRlYTZmYmFOZF9fX3ZDWjV1cXk2dUw4cVJ3?oc=5
macOS 27,2026-09-09 07:00:00+00:00,MacOS 27 Golden Gate RC Available to Download for Testers - osxdaily.com,osxdaily.com,https://news.google.com/rss/articles/CBMilAFBVV95cUxNaWpQUXVncVlzbFVPR0M5NC1aTlFxN2FGQnN3NXlGS2wtbkVUbEZNUUNXUWpFSVpRdnlXYmMzU1YteG53ak9CdnBtU29aTEF3NHBIc0ZwQnN5THd5QnRDNGF6RUR0bW5CLU1heXZkckc3S3QtN0hMVnJFcS1rckh0Y0pORXFKWHRBNXpCZWRRanNFb0Ex?oc=5
macOS 27,2026-09-09 07:00:00+00:00,"macOS 27 RC now available, here’s how to install it - 9to5Mac",9to5Mac,https://news.google.com/rss/articles/CBMiiAFBVV95cUxOVks4WnJEd01QdzF6YUNkVjlhZXNYNGJ3dTR6Z2dQOXEwY3ozUHUxbDQ2U2pOdTAzSnVUTHZEVEVOdXhHUTFqUzhROUlzaWhWWW05R2VlejRrODNGQlk0OUpVZS01eUMtS2hJN21xd2RTeGxUNnU4MEhzWWJDY0hwaVg2U2ZyRGcx?oc=5
Apple Intelligence,2026-09-09 07:00:00+00:00,Apple unveils iPhone Duo - Apple,Apple,https://news.google.com/rss/articles/CBMickFVX3lxTFBOa2owd25HUm1tY193ZzIxWlVJZjJuaElKN1V1djFzaWlFX0piTzR0YjU3akdQQXcydDNXUDNoX0RSUUw1TXpJRFRIZnRxVWxVOWozRmN0c0hOTDZXejNFLVhuTTd4clhaQXJtTDhDM3djZw?oc=5
Apple Intelligence,2026-09-09 07:00:00+00:00,Apple details how Apple Watch’s new Audio Intelligence features work in privacy paper - 9to5Mac,9to5Mac,https://news.google.com/rss/articles/CBMitwFBVV95cUxNcnpuTDktYWMtWlNNMGQtN1NEZ1hMYUNFYnNxMGp5VjFJLWhCWlJxcXphTmJBczJoQzFHaUhONk96Y09jc0pWelRaTTU5S3JaMGFrTWtNd2NqQzl1aUNBV2xJc3NSZ19nQ2Q1cW9LZGNnamlocDRvbnR5eE9HTjg2SE5fUmFEVW16ZDFsWnQ4aXlyc2ttUE1id1Vma0RJb1Q1MjNVX3o5RldiTGp5R2ZuODNtb05iTlE?oc=5
Apple Intelligence,2026-09-09 07:00:00+00:00,Apple debuts iPhone 18 Pro and iPhone 18 Pro Max - Apple,Apple,https://news.google.com/rss/articles/CBMikgFBVV95cUxOcVNBYnFyaE4wRmxyUzM1RnVpMjUwUmVfc1MyQVJUaUVqX2dtc0ZMdzJQemlaWHVMRHY4RjBEbVhFdWtyUFhuV21pREtMZ3pnMkJnbG03UnlNQTdnMFliTmRlRzVMODRlNVFWVnpXRXpZYU5raXZIbjhMUGNBOFBCdk1hMEhyMmRyUzVfTXVDeFJ4UQ?oc=5
Apple Intelligence,2026-09-09 17:31:31+00:00,"Apple ushers in new, AI-powered era for Siri - Mashable",Mashable,https://news.google.com/rss/articles/CBMiiwFBVV95cUxNQnB5blNSUXFRZzl3cDZRLWthNVdmQTZfQ2I1UFQweG9Udjh5b0hqT21sN21ORF9xTWs5ak4tVklsVWE5UE1SWmd5aTRtRE1KNDdlT0F3LWdGQVlrSFkwUEo3bk1Bd1p1QlRPZWh6ODdYUVRYQnl1bktWOHlMNXE0LThFTUs0VnEyM1Bz?oc=5
iPadOS 27,2026-09-10 07:00:00+00:00,How to Prepare for iOS 27 on iPhone & iPadOS 27 on iPad - osxdaily.com,osxdaily.com,https://news.google.com/rss/articles/CBMijwFBVV95cUxNUlp6VEtJdW5TTjdERXZQaGljN0ZlRVdpQ09qMUFIaUZQbWJqZjlpNWVsMFFrM1l6VGhFZVVVbkRCQ09FU1FVQ296VUYyOHJydFNxalNwcWhBWkR6XzMyTGhOTXVGNHZ6XzdOUFJUVHZuMEtTSm9vZ3ZyRkJVTUdmZEtZekltaUdUZGpoeW1zRQ?oc=5
Apple Intelligence,2026-09-10 07:00:00+00:00,"Apple Intelligence is getting usage limits, and here’s what it means for you - digitaltrends.com",digitaltrends.com,https://news.google.com/rss/articles/CBMisgFBVV95cUxOZFU4MDlpaS1jSlA0cnJONTNycXNuVmtsSDNHeDAyVzZIRXhJb3RNMUx4OHA1dVZKN3MwVkFWS3hWdEhQaEV3OTYyMUVta1J3UGlZYVlOanZlaGw3bTZXOF80WkhVckdrMlJDS0FCS2N2dlNhZTkxcDBNN2dXUVhGdFM1ZzR4cy1aNUF4YnNvb1ltTFJlUGFZZTEzeS1LejRlM2xQYkRlZzA2aWtFQjJsM2ZR?oc=5
macOS 27,2026-09-10 07:00:00+00:00,iOS 27 and macOS 27 has an Easter egg that will delight longtime Apple fans - macworld.com,macworld.com,https://news.google.com/rss/articles/CBMirAFBVV95cUxQM1c2ZDQ1RmRrZUZnOUR0SGlNZ3BLUGxDcWNHd1lTaXZDR1Q4WEl4djJWY0JtY1JJWnNuNHpySTA1bDlER3diZi1oWnRhQVRzWWZBSnpDWFBCRmR3YjB5czRtbHlrRDd5OHJ0NzVzTVlhQ3VnQ28zMXM1dzRPbEg3Z1NZcy1SUXBUYk5XZzU4bkI3cGd0eVFyX0Y3cEh5X3BObTdvdUozSjlGVzAt?oc=5
Android 17,2026-09-10 07:00:00+00:00,"The Nothing OS 5.0 beta finally delivers Android 17 to the Phone (4a) Pro, a week late - PhoneArena",PhoneArena,https://news.google.com/rss/articles/CBMiwgFBVV95cUxNaERoTFQ3N3J0Y3hFV19malA4T1NkblZvU2dTZzhfeUF2WE9oRlR1ZHpvTlpYamlEMnF6RXp2UEUtci1QTEFrNDhRZklQTGtBX3RnVDRMdmdJYzRYOTFzT2JCUHM5U2RDOERTSWxEenJxdllhUWptSVNBYnI0d2x3VEM4a2FlUEVyM1FxMUxRWWxqbnFYQTc3LTV5Nkh1TFpuRGs2cFM1RWFZWmdXQ1RFWVpiZ2RiU183VGllQm1PbzMzUQ?oc=5
macOS 27,2026-09-10 07:00:00+00:00,"Apple’s AI-packed macOS 27 upgrade for Macs launches on September 14, but can it win over macOS Tahoe haters? - TechRadar",TechRadar,https://news.google.com/rss/articles/CBMi4wFBVV95cUxQQVZkcnBhUm1qMnZvY0xPSV9kMXQzcVNLcjJSSlFMd2JhSUpobWxYQTI0NU5vemRGSXNuendRYUlFNjBkUkFSX3BVVWdPVWlZUEhyb0dYaVBTV19iNVB2RFEwVmJ5U2tTbTZWcEhWM211Qmp2NEplNXQ5LXV4TnRSclZtT01HeUtBdnZaRkc2RnBVSkNqZkxYc2U4aUJ6cFY5c1ZLdXNSclA1dWdtTDRxWWthR1FfdXVQeDA1TnFRLU84aHdiaHlqR0RMV1ZNZlloQzktSjUtM21DYWxnUG9VZnV4bw?oc=5
macOS 27,2026-09-10 07:00:00+00:00,Apple Announces macOS Golden Gate Release Date - MacRumors,MacRumors,https://news.google.com/rss/articles/CBMie0FVX3lxTE9kanlGMktFaHI5NXhjS1JlbXpMT0taQW5ZR2lZYXFyMEFKY1J6MnQ5SXl2QTJ6YjU2SmVfWE1UamNsRVdCaVlQdmZjc1htellMODI1N0Z2enpJOE9LaHpiNEJaRTBnZ3NMN3VDWXR4VUNmcU5Ea2M4bW9JZw?oc=5
iPadOS 27,2026-09-10 07:17:08+00:00,iOS 27 RC Available for iPhone & iPad via Beta Program - osxdaily.com,osxdaily.com,https://news.google.com/rss/articles/CBMijAFBVV95cUxNV0ozOFBBWkxwYU0xdXFMVWVfS3pLTzZ6YlMzZFBPcjlGaGlyUlQyOWlUeTVQQlp1TnNvNW9YZmlwNHJ3OGt1WEhNSXB0al9rdTZxOGlWRVJkV2d1ellGclFUZm5KakpQOFA3a0xUek1vNVN4ZTQ2RXBRRk9QQ2xBbnpHa290c3BMU3BScg?oc=5
macOS 27,2026-09-11 07:00:00+00:00,How to Prepare for MacOS 27 Golden Gate - osxdaily.com,osxdaily.com,https://news.google.com/rss/articles/CBMifEFVX3lxTFBxd0tEYXVRakQzbm1TR2loTDVQLVBfNUx3S3R5cnRweUs3dVdmbXdwbEtXX2dGeEhpUllYc2JwQjRPelU0UUIwOG1oWjlHNEtENUdnMkRGaWRUQmdJcVZSc3QwZUl5djJtYk5WY19VUjk2eENDcWJrTzdaMWM?oc=5
Apple Intelligence,2026-09-12 07:00:00+00:00,Apple Watch Audio Intelligence: 4 New Features Available On The Series 12 And Ultra 4 - bgr.com,bgr.com,https://news.google.com/rss/articles/CBMifEFVX3lxTFBtR0czYTdQdFFBbzNBcDN0czAzMEgtdkgzb0loNVpZNzNoSlZSVXllRjB3VEZlQnAzeE5ZSnlZazlBdllTSGRmaXlvSEtaLUFFTV9PUTdsWHFYNFFva0NydDM1djJLTThOWkN6VjZsNFN2UEJVNkhFX1l3LXQ?oc=5
iPadOS 27,2026-09-12 07:00:00+00:00,"iOS 27, iPadOS 27, watchOS 27 and macOS Golden Gate release time [Updated] - Cult of Mac",Cult of Mac,https://news.google.com/rss/articles/CBMihAFBVV95cUxPTEg4NzJjMEpQZUlPMTloZGlsSW5Wc2s1X010V2ZrdktTRjFoZEJzRVZ1djFaMWVXNVhmc3NmLThmZjBXci1BbTFVYVAwaWVHRU5NZWRVZG9RVU4xX3pybTNWcVRneFVabnBxUm5FUVM3dzRPanFSVjgtay1WUG10aWZoakU?oc=5
Apple Intelligence,2026-09-12 14:43:51+00:00,iOS 27 Without Apple Intelligence: What an iPhone 11 to iPhone 14 Actually Gets on Monday - The Mac Observer,The Mac Observer,https://news.google.com/rss/articles/CBMiiwFBVV95cUxPX3BNVUlWQll2VFNFVEQycFVRckc2alV1SERfSHZTbVgyekw2VkJkSThZekpqdFhTRXF4dkFMSEd5TDMzYndGNUxPaTc0WXdDNEpNTGpkUlVVdVVoVFVoTDI5c0dFZUZlT0EteUluQ2c1N1RTc05lZEFsS181WGlTTE4tQ0dUdnFFY01n?oc=5
Apple Intelligence,2026-09-12 16:07:15+00:00,"Apple Intelligence FAQ: 16 Languages, Daily Limits and a Price Apple Has Not Set - The Mac Observer",The Mac Observer,https://news.google.com/rss/articles/CBMiiwFBVV95cUxNd0pJYmhUREYwQk56dHBvVFJ1TklocnBZRjlXNkxxSzI2b3g3c2Y1M2E2cEZwbTBmdDZ4YjEwNmZodGV5WkFQVndLR0tXc0w5WnVQM3gzM1NFU0hWbFU5ZFFwcmRrSlhwdkVZWHF2QzZSQXh3d1gtemk3Z1F0c3F1bS12U2NkcUk2aXFV?oc=5
iPadOS 27,2026-09-13 08:00:00+00:00,iOS 27 breaks 15 years of muscle memory on iPhone and iPad - 9to5Mac,9to5Mac,https://news.google.com/rss/articles/CBMimgFBVV95cUxPc1ZSbzJpaWdNODNuYV9ISUtsSjZjd3FtbVk5VHVSLW90SGJ3MFUwdkhlWFhjX1Vkc1Q2NktId0Y0S1lQendFbDA2cEFIRTBmYVdZOEdJNHhMbzl6UXJSRG9BME5kc29sSzRDcTRUNXFqT1dDV1kyT3ZWRDFYSGFxeV9mcm83U1V2Z1NtZjc5cnU2N0RmVHc5UHNn?oc=5
Apple Intelligence,2026-09-13 14:27:00+00:00,Apple Intelligence could be the key to cram Face ID into future iPhone Duo - AppleInsider,AppleInsider,https://news.google.com/rss/articles/CBMiuAFBVV95cUxNT21OZ1lsV1RNOVA1S1IzdXhuRnZVRDBiOExjOGhQZWdJQXJyUFBkQk1tNHhBdENZU1lpLThIUUxWdk1QR3F2ZE1pOW92UHZfTFc3U1ZiTHV3b3dlSTZ4bXBoZlE2WnNvWFpJbGt2eU5WRHVHTDJzYXVRc1NPX3FRakpWMnJOaFZrdWIxSTNJU2pNTjVLTDMzS09RLUpiblNjN3l6Z1NscDdRcWNGdjhVR2gzSXRDRDNN?oc=5
macOS 27,2026-09-13 16:26:35+00:00,"macOS 27 Golden Gate on M1 and M2 Macs: What Changes Monday, What Doesn’t - The Mac Observer",The Mac Observer,https://news.google.com/rss/articles/CBMijgFBVV95cUxQdnYyY210WXF4bnRjclprRmlYZlEzVGJsZkFkSEhiZmx6ajM2TzJmYzFnYXhhVVI5QXI4cnN3ZC1iRFBrYWlTT3J5XzFPUGJYYjJ4ZHdNd21hUnBDcHc4ZG12R3hZbHRHS0VQVWZqQnVyRjBXN2V6SVhidzFrNVktXzU1dkhMOTZDOFVsT19R?oc=5
Apple Intelligence,2026-09-13 17:30:57+00:00,"Apple Intelligence Setup Guide Still Assumes iOS 26, One Day Before Siri AI Ships - The Mac Observer",The Mac Observer,https://news.google.com/rss/articles/CBMimAFBVV95cUxOaUtuaWdXRnljMGUzU25hX2N6OFc2WFRVSktDWW5iRHl1MS1NY2ZTV2ZRT0NvNmZLM2w1eGliUmwwb1NNWUd4OUJXNFBtbUlEeTdIRk9WVmVCNjJISXk5cXNEeUVHaXpvMFZETTdacU1zRncyOTJwYUk0SDNhc2xqRUk3YmFfVEVWSmhWWDdKdmJ0MnhfWE5iQQ?oc=5
Android 17,2026-09-13 23:04:29+00:00,These five Sony Xperia phones are now receiving Android 17 - PhoneArena,PhoneArena,https://news.google.com/rss/articles/CBMijgFBVV95cUxNd1hSOWxRdVdaamlZeWZvM3Jlb1VYdG5vdlBpRG84MXM5T3dLZlIxOGhwZGtVM3dkbkRhYmwxWE0yTUZzd1h6WGp3dFg2Wmc0cW51WDJvUzlkeHFWRjVWN3ZvTFhQWDVoQllTdnEyZlQyZGhDX1o2Z2Nsb3g0RWZFLUlrVlhhbFZISERpbFNn?oc=5
macOS 27,2026-09-14 07:00:00+00:00,iOS 27 and macOS 27 are loaded with security fixes–here’s why - macworld.com,macworld.com,https://news.google.com/rss/articles/CBMihgFBVV95cUxPWE5JTE53RGt6WU5zcDYwVkJQbExqYU92aHk5R0Nkb0FJWkpDaWllWkQ2bnpmZ2VhVVY1RFAwSy1wOWJEdDZxVy1KSTVTWnpuWWp0Q2NTY2hBWFl0cmkwd3paUEJBVHgxMTZwWVFvUHd6WGtXZ3RGaVEwWGs1Qk1YY2FUVjNhQQ?oc=5
macOS 27,2026-09-14 07:00:00+00:00,I’ve used macOS Golden Gate for 3 months — and here’s what I think - Tom's Guide,Tom's Guide,https://news.google.com/rss/articles/CBMidEFVX3lxTFA1bVVWQ0I1NWlGd2ZST3VDclZqUk5yWUl6cFpiUUNrYlNmM1liQVp5eGlXMEJBSWFmVU13V2JmS0UtRDhDZUR0M0VkSDR5MUdqU2pzdDEwZmpZVG55QXh5UkRRcGNpclRhWHAwSF93dy12UXIy?oc=5
Apple Intelligence,2026-09-14 07:00:00+00:00,"Apple Intelligence Languages in iOS 27: All 16, Plus What Siri AI Adds in October - The Mac Observer",The Mac Observer,https://news.google.com/rss/articles/CBMipAFBVV95cUxNVzNaYUNvMEtBT1BlbnVtQjk5UG1lZWVsZ0pjTkdhRUxkLWUyT1M3YXhKQzAzRERKa3FpdzlBZzB4MzFDTUM4eTA4YkM2b2lKcnBoMndPaG93djRJTDJYcWZTUU8yVHJkOVhVeV9lQnJNcTZMOWtvb3hkbTJTSzloSTZMaE5tYklQMU9obW5EQ0YwOUFkQWt4VmVEdXZTMnNPTDBtZg?oc=5
iOS 27,2026-09-14 07:00:00+00:00,Your old iPhone is actually going to get faster this week - macworld.com,macworld.com,https://news.google.com/rss/articles/CBMioAFBVV95cUxQRFdHTUtyVzBaY1Y4cjJ0aVVxaklCX1JxQ2pQVjhZd1Zqb0hwclpBdjY3RkNESUJkR0Z3akJHOGp0X3ItS3c5SmE5eldNaFpLU0dUMTQ2OEE4RFNBeWNmUzJ1TXZkRHZ2cWk2UnVLNEhuZVJETWVjRDgtSkdFQWRrSy13RVFoTWQybUxpdkV4OXhKWEM4OGdsY2hBSDM5eVNM?oc=5
Apple Intelligence,2026-09-14 07:00:00+00:00,I Thought Apple Intelligence Was a Gimmick Until I Used macOS Golden Gate - PCMag,PCMag,https://news.google.com/rss/articles/CBMiY0FVX3lxTE9MbnppMU9IUTh2MV9iVUlwWEt1dTdsbVo5SEt4eW9hVW5DTnA4UWpkcWJpU25naHVXZzNJRVJkUlZYQ1BqZFBwYjRIYWVTS0pHQ01PLXFNbzdURTJWSXF6OHhsVQ?oc=5
iPadOS 27,2026-09-14 11:23:56+00:00,"iOS 27, Siri AI, and iPadOS 27 compatibility explained — here's which devices are supported - TechRadar",TechRadar,https://news.google.com/rss/articles/CBMihgFBVV95cUxNaUFHSHpSOVJNWFFfNUFmSUc3Uzh2Z1BHZmttclBLZ3I1MkctXzZQUXZvQnp2djlHSnRfUFJIM1dPZ3NXVlp1RElkWEV0RUhBTlBaeUVZRVk4YURHN3VuQ0pBZWdMLTdCZV9WZm9FTWNhZ2tJcGx3cm04SnI0X05YeUItUTFaQQ?oc=5
iOS 27,2026-09-14 12:16:17+00:00,When does iOS 27 come out? Date and time you can download the new iPhone operating system around the world - Fast Company,Fast Company,https://news.google.com/rss/articles/CBMiowFBVV95cUxOY3ByaXFjQkVKdmk0ZlcyeWJEX3pOMFFhSWM2aUdadF9RcXJKX240eFY3QjRwRjQ3Wnl5TnY2bnk4azJvVDNYeHZxZEM4U2k3LWxGR01taVIyYWlfdktnV2g0TXhKVFNMOE9ZdkJSMVJRa3VCdVYxdHB6dmVxZjhJSWpRT3dpRF92em92eF9uUnJ6S2d0bXZtSWJ0TmZMREJ3TmZr?oc=5
iOS 27,2026-09-14 13:30:00+00:00,How To Prepare Your iPhone For The iOS 27 Update - Engadget,Engadget,https://news.google.com/rss/articles/CBMib0FVX3lxTE42ZlJBblJkU1FCWnVUWWM0NENIdUpuMkxhb2xvRmNMU2tHbXdPdjIxSzg2eXJFNDhVX1BJSFlVQWROUDBGdVFtRkUza2haMk5ITng0S3R3R1I3bDJDYzF3dUpHTlZSVEo3azNpY0lIZw?oc=5
iOS 27,2026-09-14 15:00:17+00:00,iOS and iPadOS 27: The MacStories Review - macstories.net,macstories.net,https://news.google.com/rss/articles/CBMibEFVX3lxTE1IRnhXa2JSY3V3VWdidWtZSjQxU3NqR3psVjdNS3o5VjVhTHVYem1VWExqdnNxMWxyTUpXckNyMzZPbExwY1pFcDFzQzU1WnhEdGlHT1pDRjBaYnQxTVR0c0VfejRIZ0VtcUNaRA?oc=5
iPadOS 27,2026-09-14 15:03:07+00:00,"Our OS 27 Review Extras: eBooks, Shortcuts, and the Making of the iOS and iPadOS 27 Review - macstories.net",macstories.net,https://news.google.com/rss/articles/CBMiZ0FVX3lxTE9XekdGbENfMktEZW5kZ2MwZ1ZDTGJOQnhNenBBZHhUZTk3a3VSM29uS013bXY0Yl9fUERwcEw0ZTFDMFdCMzdVWnY1NUZsVjhSTnpCR2Y0S3liWUpGQ0hFaE5YOTJYM3M?oc=5
Apple Intelligence,2026-09-14 15:30:49+00:00,macOS 27: The MacStories Review - Page 9 of 15 - macstories.net,macstories.net,https://news.google.com/rss/articles/CBMid0FVX3lxTE1aZTdhYmRPZEhXZHlhMmtoU2lGUEUwXzFtY29kMkRLV2ZMMGFrbDd2OThqeW51NVh5WVVycWdSZUxzRDJ4NGF1QWpMUVp1MGRXRkMzanNMNGJyNENLTndtcllPUW14cW5tTjNRQ3BXelMzNFVoMV9J?oc=5
iPadOS 27,2026-09-14 15:30:49+00:00,macOS 27: The MacStories Review - Page 14 of 15 - macstories.net,macstories.net,https://news.google.com/rss/articles/CBMieEFVX3lxTFBVa1hjUVMxMFRvdV9lWF9oSlU1cEZMM1o2VWNTOUZFMTBoRktKVmE0bWREUUtUbkFSV193czZ0dXNESzQydmVFamZoUWpvcERsZ3c3ay1MYldZaHVkVkhPMjRlaXRjV1NpSnE0NVJLZ2NHcllya2pnQg?oc=5
iOS 27,2026-09-14 16:00:00+00:00,iOS 27 Available Now With These 8 New Features - MacRumors,MacRumors,https://news.google.com/rss/articles/CBMifEFVX3lxTE1yVFJnaDFnenBCb2xXOHNhY29PMWNtWXltaFZsTXVhdXEwMzRrdjBtd2xPa0J1amtFbVp6ZllTTEtDY3hjandlZzM3U1E0cHF1cVd1YUpkNVZ6dlpNTGlOVlZKRElWRzgySVlFOG1JQVhzQTBvOTNzYXptMk0?oc=5
iPadOS 27,2026-09-14 16:00:04+00:00,watchOS 27: The MacStories Review - macstories.net,macstories.net,https://news.google.com/rss/articles/CBMid0FVX3lxTE9JdVFObDRBdnBDbC1aSVk4d1cxUWtyN3N0UU1IUzRmNVRpSE1US1VOa2FKTXFRWDJqSGxHY1FrV0thWlBlS01hZnpPODY4by1FNDdIazB6MGZ4QVVtYjVocFoyblZDTERGVkZNbnhxNW5CV3BvQjVn?oc=5
iOS 27,2026-09-14 16:04:43+00:00,10 Cool New iPhone Features You Need to Try Now - gearpatrol.com,gearpatrol.com,https://news.google.com/rss/articles/CBMifEFVX3lxTE96ZXdxMnlKcE8wYlZtVWJ4UkRtdWE3cGY2N28xOFFHVkxoYnFmVEhaenhoMFoxelNBcWdIT2tHNmd0ZUYzZVRINmw0Yk9FOVY5UlNoNmRwS0RCVlRLNnRtZFZXTldGUzIwT0xsQ0s2bmduMjNBWS0tbGo4MXc?oc=5
iOS 27,2026-09-14 16:07:00+00:00,"iOS 27 is here. See new features, list of compatible devices - USA Today",USA Today,https://news.google.com/rss/articles/CBMiowFBVV95cUxQLUppTkgzSzRqUWU1bnVrcjZiN2lzNlEzRWpvVTk1QVp2RklKTnRtN0pVb19lcGpfY0pUX01BajhvVXRIRHRGWE5lM01FckFaak9VdlQ3eXQ0M0ZqQWNDREh5TGtzcDFpNjhiS1hIeVBwX0pGaXlERzJRNGZXNk1kc1ctR3UtVWducUtmN0hWd01SV1ZNb2lPOTk1UVNOcnAwc1pZ?oc=5
iPadOS 27,2026-09-14 16:37:02+00:00,Want to make your iPad feel more Mac-like? This hidden iPadOS 27 setting will do just that - TechRadar,TechRadar,https://news.google.com/rss/articles/CBMi4wFBVV95cUxQbG5meGcwUXVIN0c1MXRxZTJLUXZkdU1abEZyRTVTQ3FDRVF0RWxvN3NINVR5c0JoeU9VNXRmUExTZlc1RVBuV2VOd0I4TXFjendLTWpjT0ZRVl80SGEtNnBUcmoycDNfa2RBLVAwS3hkOWVqRGRqMnpVSnVSTXE4Qm1pcl9PTUNpRV9MVmhNM3dpbHZDckdMbDRJQTdQd0Y5U1o4SUFzS284YmJJWTQxeEtqSXBrR0xuV3FPRHFWeWtGY244MXhvLVdEdmM3NWt3NUFpckpoNkg4RnludFBIZk5wZw?oc=5
iPadOS 27,2026-09-14 17:00:00+00:00,"The 12 best iOS 27, iPadOS 27 and macOS 27 tips you might have missed - stuff.tv",stuff.tv,https://news.google.com/rss/articles/CBMioAFBVV95cUxQOW80bXVvSVU4UE84TG1PSk5rM2pJZmpBcUpybEE4T1FiM2ljMHI1OEJUWVRuZXU0dndCazVZSVc5eTdIX0RJeXhrU2dIRlRIWDlsZldpbWxjMk9PMExTQXEwUUVORWlydDR0MXplY1h2Z1lYYkkxdDgzQ0ZwQmNWRXhrblQ5RktiaXY4Y2lOQXpvalNEQVd5YXgwNnJMZDRS?oc=5
Apple Intelligence,2026-09-14 17:00:00+00:00,Fashion app Daydream uses Apple Intelligence to help you shop the outfits in your camera roll - techcrunch.com,techcrunch.com,https://news.google.com/rss/articles/CBMi3AFBVV95cUxQSC1HOXpaRUhXR3lZTlN5M3d5dGFyOEp6SWl4Vm50Ym1RUVN2ZWtLRkZfY2NDYkhscmNuZm9FeFlFNHYzRUNscGV3V0QwMmJScklkRXhNYnlFUlJ4M0JBaGM1eU1hYjVIMGRneTNJMzdpUjlENmtPYUdfaXNPZFZpOFNqS3hFOUZNU1lHRm5uOU5OT1dTd2FkNEswWUsyeHl3WUtIVUt0TXlBbWpTUHBNdkFlVTV6NlBweUNZZmZqQWlaNE9UdUFkLWExU0U2UlJGUTQtT1BEeWF1aTF4?oc=5
iOS 27,2026-09-14 17:04:12+00:00,Apple Releases iOS 27 and iPadOS 27 With Siri AI and Liquid Glass Update - MacRumors,MacRumors,https://news.google.com/rss/articles/CBMia0FVX3lxTE13cXljVXg0N1BXT2NHaDBYZ1hkc3k4cFRvVXZBWDVSZkpxV2tJN1lCV2ZOQmF3Y2pkeVFFcFQ5M2lxNmlSenFJQjFpaXVqQ1A5NnRYQ2hwY2VqRkRsOXQtOHRDOUI3MXNKVlVF?oc=5
iPadOS 27,2026-09-14 17:05:00+00:00,"Apple releases iPadOS 27, here’s what’s new for iPad - 9to5Mac",9to5Mac,https://news.google.com/rss/articles/CBMiiAFBVV95cUxPMmdCZkJMUlNONmhNUS01b2JyY2tjRUUxQlFLOU14b3lFeXZ4MGdfOGwxQ1FZbFNMZ0hyUjZ5MDI0bXBOaEZqNG5iYV9oSlkyRTAteEJ3VlNKbFpIb1pGQ1JZaFowUzJ2dXM4dmIxblV4ajBqMkR1RDVhXzZhUkloU0pxYTFaM0Jh?oc=5
iOS 27,2026-09-14 17:05:00+00:00,"iOS 27 now available: New features, compatible iPhones, and more - 9to5Mac",9to5Mac,https://news.google.com/rss/articles/CBMihwFBVV95cUxOemVrVmRweVhITFN2SC1zamY5VmRZR1NiWTRiOFUtenltbGN3cVd5cjZOV3ExTDNPX1RuTHdYSFNMWTl6SU5wQXViSnA3Q1BJOFJTY0FMRnlCQnpoU1lrNlZsbTFkdndOTkNmSmt6ZDNyTGhKR0dHRWU2SkcxTzEwakVrMWwwaWs?oc=5
macOS 27,2026-09-14 17:06:00+00:00,"macOS 27 Golden Gate now available, here is everything new - 9to5Mac",9to5Mac,https://news.google.com/rss/articles/CBMikwFBVV95cUxQUjFtZDdNRkdMeVpjN21BOE1rOVR1bFcxRFpJbDVqUVhwcVFITnFGUzJ3ekg4c3QtSkxaR3FkdjFmcjhxUWVTLWN0dFpXaUQ2ZUVmV0pWT2NXb0hKc1prY3AyczctOXFxRy12Q2lnUkhaeWF4UExEOUVYN0tTdldNUzZscGFpN3hhNDB4SFpTTzBaSVE?oc=5
iOS 27,2026-09-14 17:06:44+00:00,Here's When iOS 27 Rolls Out Today in Every Time Zone [Update: It's Out] - MacRumors,MacRumors,https://news.google.com/rss/articles/CBMid0FVX3lxTE91VXNUaXRPa3g1LWxad2hXVXhjSUpoZVE3VnZXeUI1X19NRERQQTR5R2FtTU1LT0N6X202RmttdE9xOGNtSlVnY09aMElWMllZNF9TbkcxUThLQ3V6MjY4X3hNdjQ1YWliSFhIOV8xR29EVzdzbm4w?oc=5
macOS 27,2026-09-14 17:07:49+00:00,"macOS Golden Gate Now Available With Siri AI, Visual Intelligence and More - MacRumors",MacRumors,https://news.google.com/rss/articles/CBMiekFVX3lxTE9XZ2sxM2otT25IdDRCMk84MGZ5d0pWczVhOFZLdFlJbC1sbzRUUWxuX01QS0pOMVZqUW1BRDRLMUZkZDZuQWN6MFAxbnpRMnNkWmdzc1JDdjRkM1h2X2JyVlBnQ0owTlBNMll0ejl1aGpCUEducHBBelhn?oc=5
iOS 27,2026-09-14 17:08:09+00:00,Apple just released iOS 27 – I’m updating for these reasons - The Shortcut | Matt Swider,The Shortcut | Matt Swider,https://news.google.com/rss/articles/CBMiakFVX3lxTFBBanlyRXhMT25CUU9ta2ZQWVNXeTlwRUh3ejAyd2lzVDNiZy00SThOVFV5UFpkV2xZcjdZMGJzdkRheVh5STVLQzBTSmpMOG9UTC1yakRwMEp4T05oTWhlRGJCRHpPN0loZVE?oc=5
iPadOS 27,2026-09-14 17:08:17+00:00,Apple releases iPadOS 27 with Siri AI and new Apple Intelligence features - The Apple Post,The Apple Post,https://news.google.com/rss/articles/CBMivAFBVV95cUxQOENRV193ajFHN1RZWF9oVEZaZjJvdV9wYWVkTW56Yk5abHpueUZKd2docE4zd1dVSlR6WUltVWM2bngyNm14TDUxTmRuN1owcVN2Nlo3aTRGdXVCZl84QnN5M1IxNDlfRWkyS19rRjdCaWpZam5KQmZUUGlSa0h6ZHFKbHN4Y25heDJIbzNhbUVRUUF0ZTRkakhBVlF2UThVaHp2djNyVlJ2MkFiQXhNT1NMVFhqVkdGdlNKa9IBwgFBVV95cUxORjlRQ1lTS2czblVacE9oRWg4a01lY3FocEhIdnhib0FOdzVJLVV5dEFqN2JrbVJLR0JCdFRaWXBlSjVKYVQtMkpnM3loRHhYRkhjTW1tcU5haGdXdG1hXzJHdV9kNXBGa1VabmcxdXJsSEZzZk5sQzlmeng0OWRQZUNweXc2SE9rMlMwOWt4eDRZbU9QNEhBcGVEaTZhME9xckhYMnllYTYwd0ZVSG41UmVXdXRjeHNraUh0d0ZTUXliZw?oc=5
iOS 27,2026-09-14 17:08:49+00:00,Apple releases iOS 27 with Siri AI overhaul - The Verge,The Verge,https://news.google.com/rss/articles/CBMihAFBVV95cUxNZWNXaGMycFQ3Qmw0RVdfU3hoay16YmNvWXF0NTBGTUQyY3k5MU9hNDM2NEJpWGt3VVkwVHB6am5DVl9KUUQ0c1M2NXB2Y2c4R2tNOW50ZTcwdldBcThxRG1WR1Z6ZTJ2bHJTWGcxSVphR2JseFpCR0xja3VaNjdJSU1OUms?oc=5
macOS 27,2026-09-14 17:09:39+00:00,Apple releases macOS 27 Golden Gate with Siri AI for Apple silicon Macs - The Apple Post,The Apple Post,https://news.google.com/rss/articles/CBMiugFBVV95cUxPN1QzU0NnV1lmLWhqRTJfSkdGY29mcGFsZURwOGdmRF83M0ZiVWc3eksxem9zcFRYYzZ6bXppdi1nTGs0anlXLWZpVkJ4T3gwYW9MYl80M3g3bjNwcnJQSGcwN1NrQ1BFd2pHUVh6WkM1enVnemI3N19WdkdjZkRFOXhZYU9ZMTg4Y1diUkp4ajVfMjdBUE5GeG00ZzZiNGpjc0U4TVoxaXF0TGdiX3NYTlQtODFsYVRFTXfSAb8BQVVfeXFMTUoxOFJWSEd2bDJ0OG5EcElYdDM3WW55anl1bWdKTlVCTjB5NDgwWFNtemFqUTZXRUdJUlhNaEtOcE12cVFyMnE0NUczOXlLZnQ2aFhLVVYzVnk4djVGd005NXI5bWtYRVoxTlRqMVZwck5oT0I0cVBWQTctck9UNlVEY2lrc2VOdVRFVFZZcUNTZllUMUdSRU5wRlc1ajA0LVRIb002SVFnZkNXdGNDSkoxOU5wdVZSbnE2LWdFdms?oc=5
iPadOS 27,2026-09-14 17:10:09+00:00,Apple’s new child safety features now available - Apple,Apple,https://news.google.com/rss/articles/CBMijwFBVV95cUxQWDUyb3RMcmJNOE43MVZkWDVRSkhOYy0wTEVYb2lDckZHWGpkZmVFQnV4UzBtdUZGUWFBS3VEZFhBX1JwQ1M5MzJVMDY4NlRnNVhsN3YxOWNBbFBKOEZqZm91QzlNZVNOMjg4V290bThrX2pDNTU1WFR3TWRfRlVHVFVQX29MUTZ0bkM5Yk0tQQ?oc=5
macOS 27,2026-09-14 17:10:09+00:00,macOS 27: new Siri takes on AI productivity apps - techcrunch.com,techcrunch.com,https://news.google.com/rss/articles/CBMiigFBVV95cUxOZHduVWtuUm5CdEpwMEc3dW82TllCTExOZ0p3MzUwSk5FTkc0R1ZUMlViRkJmRmNoYWU4Yl9LODYtSzlrZllxdGxHUUJQNVRmRC03TmFnZ2I1eVFMdXlWUktWSmxuZE1feGlqYVlXbndaWGRMUFJETmJaSWhfNi00c3VJV1I2bWQwLUE?oc=5
macOS 27,2026-09-14 17:10:13+00:00,macOS 27 is available now - The Verge,The Verge,https://news.google.com/rss/articles/CBMigwFBVV95cUxPVGdYLWtmc3BSX2VDMm5nMHdSeDZiajdTU25uUkNzUGllQVVnSzFucHdvYVJ6VFJQbkhoaTg2RVdHblNLR1ZLVHcxUmJaTE9SUEJFN2E0Z0sxWjBWZHFpNGY0cjZXV3E4Z2tjX1VWclk2RGhSVUh3aVNNem9SdG5UWno2aw?oc=5
iOS 27,2026-09-14 17:10:30+00:00,"With iOS 27, I’m actually using Siri again - techcrunch.com",techcrunch.com,https://news.google.com/rss/articles/CBMigAFBVV95cUxNMmFCT1BZaEU0bWUwZ3UyNEtmSERzQ0dSWlFPelB5RXFWZl92NE9LUU82OFZqNk4xaG1CWmFhZFlYMmhFeDFPcGVqUHphdlJPY182Y0oyTEVCTGJITm85WFRZMjVyNTdyb2VOVGxyeW1UYkR2TGFRb0VjcklPc0E4eQ?oc=5
iOS 27,2026-09-14 17:11:00+00:00,"iOS 27 Is Here. It’s Time to Meet the New, Improved Siri. - WSJ",WSJ,https://news.google.com/rss/articles/CBMiekFVX3lxTE01b0NuWVZDYk9wdl9ZQTZwVGtEUDgxUXZSb0RUQ3dTcDc4QVRuSW1Ld1h0SHdQOVk0bVcyR01wZ1JNWHM0b2IzWWJfVGdyMXMxN1hMTC1MY01kZ09ZOEF6TEdhV1lMMl9pSDJPTHg0SV9paFpqaHY4NlF3?oc=5
iOS 27,2026-09-14 17:11:40+00:00,Major updates for Apple’s software platforms are now available - Apple,Apple,https://news.google.com/rss/articles/CBMiowFBVV95cUxOZmRRYUVFM1NWTFZia09Ddlpxd0swTmplT1N2SVNIcW41M08zR2p0aDVIbDJfQjlyZ0t3a3FwRG1iY3NZTjBGZjViQWVfOEpHXzA0M2QyU19aR2Y2dVFIYW1tYmp3NThoYVM0Nm9XeXd1TEhhZl9Rc2ZuWWM1SERqUDZDMDFKZlJ1S3dIa3dZdU4wYWUxemJmdVR4VVFiSFBaQzJZ?oc=5
iOS 27,2026-09-14 17:11:42+00:00,"Siri AI, a profoundly more capable and personal assistant, is here - Apple",Apple,https://news.google.com/rss/articles/CBMipwFBVV95cUxQNmFDb2RTd1Q4T2RMWWlRLUpHUWs3dzZlZ2xVdUhBZGt5a3dTMXh4dW5NSnFvWWJ4YkFBV2FIVDhoLXczZ1QtWlBpbUVrSHd6MTZiRDlld1ZCTFZLQVRXTnJXTk9iNjhtdy1DVmstQjQ2VEltdUl3MmFlOE1uQTByb3JrX3cyb3NESW1PX3N3bXJad2gtSFFvNFpUY1ZUVTlqeWl0MTFvcw?oc=5
macOS 27,2026-09-14 17:13:09+00:00,"Siri AI Is Here As Apple Releases iOS 27, macOS Golden Gate And Other Major OS Updates - Engadget",Engadget,https://news.google.com/rss/articles/CBMiuwFBVV95cUxNZ1ZYTWlCUGpwY05idURZZUJINktOUWpuWk5OdkcwSUc5UUxDVGdRTm9hbW01UWppT3YyN2lyTGptemdDcEVZSk5iUXhxaXNZY3pHSy1WYW9mT3BINFhuWDc5Vlh4RGNmalc3XzMwSVhycGR4M2k1YTMzd2xIdmdXVGh6ZXNDcGFQTmFGVEw3ZVZrR1RXbzU0ZVJTbFBlekhmUzNMa0gzdlRpbDRhQ1Q3MG9heE04M1ppMGRN?oc=5
iPadOS 27,2026-09-14 17:14:06+00:00,iOS 27 and iPadOS 27 are out with Apple’s biggest upgrades in years - Absolute Geeks,Absolute Geeks,https://news.google.com/rss/articles/CBMioAFBVV95cUxNczQwUFEwam9Ea1d2b2VzZmZST2tVNW5LNVZkbW1RRDB6dnViN1VGSkFuZnpiQWFrV21qRXp1MC1NTG1sb3F2MVJYYldrS3BvZHlTUkUxSmtuZ3phbDgtN1IxenJCZ0NIbmt4bndFZ1BpbDBhUjN4S2ExN1o1dDhvVmZXbG5kejEzLU00Nmx6WEVTaGFWVHJOSEJMd3NOZmJV?oc=5
iPadOS 27,2026-09-14 17:15:00+00:00,"The best new iOS 27, iPadOS 27 and macOS 27 photography tips for your iPhone, iPad and Mac - stuff.tv",stuff.tv,https://news.google.com/rss/articles/CBMiuwFBVV95cUxPbjBya2ZVUXdOZEtEOG1fZjlkTGFhbDE0dkRIREtvOUZIWG5XZmJMa3dmelE5c3dDNnIwRXdmXy0teE1fcml6NlBodi0zTENJMUNwcjlOcUVXNEJnb1RZbGdSM3B2QjUycTdMVTVEOXJ3WGdzVlp5OUxZWTR4M1RaenROYU9FWFpJNVQ3T1FTMTdBaGw5MDhHZzlvbGxZUzY4QW1XWHhDTFhrV29PbTFsc0Z1NVFFS2wzR1BB?oc=5
macOS 27,2026-09-14 17:17:00+00:00,macOS 27 Golden Gate Review: Bridging the Tahoe gap - Six Colors,Six Colors,https://news.google.com/rss/articles/CBMijwFBVV95cUxPaUhNQ3hjcWxRQVgwUmh4cndhczJna004MTJDaUZSQXR1X1NXTGFPS3RmYTNxZTdxRHNnRmRsVVl0YmJwRHFQOThyYWpGSUF2UHRBSzZNdzZSNnpPZzUwTUJMMEIwbnVJQ2JOR0NHRTU2dlRjQTgzTG92UDZCZk1hSmtTMmJHZlUycTJ2SVdlWQ?oc=5
iOS 27,2026-09-14 17:17:00+00:00,iOS 27 Review: Little things mean a lot - Six Colors,Six Colors,https://news.google.com/rss/articles/CBMif0FVX3lxTE45SFhRaktJaV8tOUFTakhiOVFVd0NCQ0pSN2Fyd29mZUNnSEdjcWlKb25HQjB4MmRTazVXQjVYVDk2Z1Q3N3lFZEFkakpTSTl3d3VVRzJwTFJUV2lzWXRwR1pxdDNKdnZ1SS1OV2ZwcUdQcU1qN1VqM3cwWmpSN1E?oc=5
iOS 27,2026-09-14 17:22:36+00:00,iOS 27 is available to download to your iPhone right now - AppleInsider,AppleInsider,https://news.google.com/rss/articles/CBMipAFBVV95cUxOQUNVdGJQRzJON0lHZHIyWWZZWXMxNEVQLUNFMlBlemUyVmRoekJ5M1BSMTF0X1RJY2VJSDhkQndrMExiVmdsclNhd0owc0k2NVJSamVCVl9BdlBsR2lPa1dta19ocWExV2JBR3RCcGFGaVJCQXhQZUxualZGLUhhdHBudldfTWNSSjZQbzFRaWMyWm8wODdQR0NoZElEeThiV1pvQw?oc=5
Apple Intelligence,2026-09-14 17:29:01+00:00,Apple Unveils Overhauled Siri Assistant in Apple Intelligence Update - Unite.AI,Unite.AI,https://news.google.com/rss/articles/CBMilAFBVV95cUxPWmtVbGJRRlFlLWhGYnJuSkdFWXktLW9MelZMakRqOWRXY09sckxMeWU0UHJQUFgwUG8zUlBrTHZBM0puQ2xNSWg4RFRjcW9Sc3FEbTlGa1VMU1IxaF84LWJCMU0yVnpuU3lZMldFYWNKMURwbXdEVXJTdzJuZ2l6cTVFN01sTEtlYkZUcHVWVWFSYVVw?oc=5
iOS 27,2026-09-14 17:30:00+00:00,Apple iOS 27 release date: When you can download it - Mashable,Mashable,https://news.google.com/rss/articles/CBMid0FVX3lxTFAweng3ZmYtdlo4cThKMFhUeXJDbjRyQXViV0xQMElHWldrRzZ4elhKdUJsUjAwaXBvVnZNYXE2b2tfRDdaeGNWMHJXcmNwclR6VEJMT1RRTHZuMldPQ0xUN0VoWUZhRGhHTS1sVDZXYnRRNmxWN0I0?oc=5
iPadOS 27,2026-09-14 17:33:35+00:00,"iOS 27 Released for iPhone & iPad, Here’s How to Install the Update - osxdaily.com",osxdaily.com,https://news.google.com/rss/articles/CBMieEFVX3lxTFA3M3dJcnRSeGczTUtpSXBJV3lzd1pzWkI4N25qV1YyRnRpS2k5Qkl6NE9LQ2xleURxRU5GZ0hpVXdvYVNtSHFxb05QVmVCazZTOWRyQ3FvdnpyNjZWR3Q0SXo5YldzTGRWVjJ1VENPM2FMcnE3WU1XTQ?oc=5
iPadOS 27,2026-09-14 17:37:15+00:00,Apple iOS 27 is here: When you can download it (updated) - Mashable SEA,Mashable SEA,https://news.google.com/rss/articles/CBMilAFBVV95cUxPS05LcllIelpQd1drWUZPYXc3NERoRGtVa0pYcnJxWEhtT0Nqc3RmT283aldoQmRRNUFrSldFQWdpVGwzZEgyMHpKVmU4TGxDcnNKdlk1NkNrZjFSTFlVY2RmT3lfTUF5UVpSWW1OSi1Ob19sbk5ydnhmNXZiLUdMMFY0aUhqYkpGQVQtNVlxV29PUzhO?oc=5
iOS 27,2026-09-14 17:38:53+00:00,iOS 27 is here and you shouldn’t wait to get it on your iPhone - macworld.com,macworld.com,https://news.google.com/rss/articles/CBMixAFBVV95cUxNdks5NmZTMGJhM0FiQ0IzeDdwY0FKN1dDU1BuckktWFppcVFkOXQyWWdPY0U1VU9TOWdTQnpPNFJCcnV6R19LYXlfVVFxN3JPQnV6Z1lpNWlJaWpsbF9OcE9mX28wRkpnZ1F5Mm9NeGRUU0lrVzVMdFFiVTYxYmk3WEdubEFON095c0NtZEN3WVpnbkRlUGM3Zi1OenlMYnhwcHowMEo5anA5b1pGc0lLNTh4MGM1bkpLYUp1RG9sZF91eVQx?oc=5
macOS 27,2026-09-14 17:40:01+00:00,Apple Releases macOS Tahoe 26.7 and macOS Sequoia 15.8 - MacRumors,MacRumors,https://news.google.com/rss/articles/CBMieEFVX3lxTE40czBTY2F2dTZYZ0FkaEtRZTI3ZUE3eWxFU1U0eFBobWJvZk1hekFsaXp0cHJxcGZ6RXEzM2xLbGFfczRfaDN4R1l6UHBmVnVxdHF2bmRaQmZIdkx0WFJuTnZVRF8tRzBHb2dJLW84Mnd2d1RsVGlGQg?oc=5
iPadOS 27,2026-09-14 17:45:00+00:00,"The best new Apple Intelligence and Siri AI tips you need to know about on iOS 27, iPadOS 27 and macOS 27 - stuff.tv",stuff.tv,https://news.google.com/rss/articles/CBMi0AFBVV95cUxQVFRYSDFjSmlIdE13QU5XSnlrYW02VElBeXVMZlRnd29OdXc2VldUM2tKZHdTMGhWZ2U2ektKSmlzU2NSbTY1aE5OQXZoS1N2RTEzWjBfR1BJcG1WTk1QOGpHbFMwQVRXeUdOb3lWa0htUEppVUstVHRyb3l2eU1HTWllUklGLUVqWUd1UjJ2N2JCLTlGX2VoWE4zWkgzNVhmc0kyRTM5MUx5X0hpOVNVWGNhbEg4VkhySWU2TFFZVFZBcENCQ2l5eElGa2dhLVdx?oc=5
iPadOS 27,2026-09-14 17:52:23+00:00,"Apple Releases iOS 27, iPadOS 27, macOS 27, and watchOS 27 - Thurrott.com",Thurrott.com,https://news.google.com/rss/articles/CBMimAFBVV95cUxPejhzckVjTGZNV2N2ZkJxQVVEbW9KRmFJYUxXUmtTdzkzc2hBUTY4a3lLeW1vaHd2NVNrdm84ZldzZWFQSlIwenlYVDN0czAxNnVKTG1xcnpZS2s2UEV3LWVJeVV5dktMVVhZUFlJLU9hLTdrbmxRNl9rODdzTlhUdmhST19KWEt0cDVONHdtd29aa1BnOGRQQQ?oc=5
macOS 27,2026-09-14 17:55:11+00:00,macOS Golden Gate is here and Siri AI is its remarkable best - AppleInsider,AppleInsider,https://news.google.com/rss/articles/CBMipgFBVV95cUxNMDJOalRfRnZNbldEMVlMRGxlNmtGY3otanFCNHlhcmU5b1dPcFloVGdkQXlNaVZ2VGhIQXdwRGlGZXYxNGgtVG5sNk9pVUhQVzMxVjhTZC1sbGZITlotTy1XUDA3UEdwWGMxX0VMWjlNZEY5UU1ha2ZIakhRNG5HaEZSWUY5YUxZbVVJWk1VZFRaZDNiN1lTZW5QbFllbzhKWG83YzZB?oc=5
macOS 27,2026-09-14 17:57:35+00:00,MacOS 27 Golden Gate Released for Mac - osxdaily.com,osxdaily.com,https://news.google.com/rss/articles/CBMiigFBVV95cUxOMEJuVjZqUTNxUmV5NHpRR3A0R0puUl9oTkc2ajlCX20yQVYwMC1ISVhzaC1uX1ZyNEdIci0zeHJwRXJTMEtDd2xnRmJhLWxRTWhjQzUtd1AxdTFNOHk5REs2LTA1QklqelFIM1ZLbEc0c0Q0SFcwOTNlM3pTT1d4QU0tVmxOaXluYkE?oc=5
macOS 27,2026-09-14 17:59:51+00:00,macOS Golden Gate Marks the End of an Era - MacRumors,MacRumors,https://news.google.com/rss/articles/CBMiiAFBVV95cUxNXzNHZmZSalRPdU1pWE9rNjVENlZWNGVsTlo1TlBYTDJad2FJRjIxUjZnaFdWc2RWNGRTRWdxT2hyVEhzV0M1RXEzR3I0ei10OE5vZ2RVd0sxZlQ0dEROd2ppWkZPc3ZkaVFwZjhnVURsZi1iUXRnYldreWRBNUg2SGlleFVVTEJI?oc=5
macOS 27,2026-09-14 18:05:00+00:00,"Jamf Announces Same-Day Support For macOS Golden Gate 27, iOS 27 And Other OS 27 Releases - Yahoo Finance",Yahoo Finance,https://news.google.com/rss/articles/CBMilwFBVV95cUxPUUJTdlFuUmpta1pENjRxMkZOelRkbE5salNFd05tSUxuMEZoUndBMFpXWWcxanZObFlNZldubGQtT2hmN2VUTnBBd0dqRTdhc0xlU3hab3lCRUs2emxjdzNlamZ6WS1DR2pZdzNUYlp4LUFiTTBEc2tmSUswOURYenF4QzVFR3czWEtKNDFmdkk1alU1enpB?oc=5
iPadOS 27,2026-09-14 18:05:00+00:00,"Jamf Announces Same-Day Support For macOS Golden Gate 27, iOS 27 And Other OS 27 Releases - Business Wire",Business Wire,https://news.google.com/rss/articles/CBMi3gFBVV95cUxOWHhrb1FwWlB0cENRc1g3TEZVNkxhZm1GdF9CTkZ4UHVYd1REQzdhNWJWc1pieFBLa1YwSGt5LXE1cHFBYjVWYnVpcmVlYjY4M3RtaTFUdTdUNlVkM0Y3T2o3dXZ5aHVzVDFmZ2EwWFNwZ1dLbzlGREpWaENhcGpDWDVOamg3cktkM0JCaVZRaGp6bUlib25ERmxrTjhXNU9aZjJJenRvUkM5SHc5aDRvMzVWdTFJeXVEdlZfakRWVk5sVlVaSmlSQUZHN3IySEF6Qi1hYTdtNkgzcktLZ0E?oc=5
iPadOS 27,2026-09-14 18:10:34+00:00,"Apple releases new parental controls with iOS 27, iPadOS 27, and macOS 27 - BetaNews",BetaNews,https://news.google.com/rss/articles/CBMiowFBVV95cUxPX25TWFFMZjlSQVFobzZlZXU0LWdBSVdPYk9BY3BnYjVUQW05d1o0V1VsSjNWN2VhUXlycEZCWXFzX0d3YzZTUEFidDhmRWdfbUsyQWVFaTdnZmpDX1hnWmNEcWxpaF9WZm5qWW9ITkQzaE9qTHJQX3M5NDRtSTJienNGMjRvRHZ5VWFKd1RHRE4xRDBJSVFfNkxtX3NuRFc0Rnkw?oc=5
iPadOS 27,2026-09-14 18:22:59+00:00,Apple releases iPadOS 27 with Siri AI and major new iPad features - The Mac Observer,The Mac Observer,https://news.google.com/rss/articles/CBMioAFBVV95cUxPcDRVLThjaVdncnkwa1B1NFVhR1ZDa3FhRVpXNTBWQkdjWUY1d0F1UEVUNWViRmtXTnVkeXlPYnAwYWFqNVlNNDkyaXJFSHg2MG1DeHgxX1F0TFNvZWNDV0hSYUl1d2h1N3BtT09VRHBOc3NuQmhRM3ZPbnRuTGNzNkxnTklnSzZDSlRfYzRaQzlrSzBIc2hma296djh3ZEtp?oc=5
macOS 27,2026-09-14 18:22:59+00:00,Apple releases macOS 27 Golden Gate with new Siri AI and more - The Mac Observer,The Mac Observer,https://news.google.com/rss/articles/CBMimwFBVV95cUxOS1FDRFFEVXFiMjVxU2ZzZkh0N09Hck9oN0Q5bFBwY3VtNk4zcFZ2RGMybG9jY2tscVJfNlNaZjhvbUp5YU5QaXpVNTlrUHV1TTlkYWV3NlAxT0VYd3pnVWtnUHk0YzBBanBnUUZSdXhXMjd6Z3hCTGw4LTgyUVd1aGhqN2g4QVpQckMtV3YyWWNIdGdVNUxGUU1FNA?oc=5
iOS 27,2026-09-14 18:26:49+00:00,Apple iOS 27 is out now: 8+ new features to try right away - Mashable,Mashable,https://news.google.com/rss/articles/CBMiekFVX3lxTE4wdWxoMGkxOUdvTEpDZGtLOUNBaUZSb21fTm8zSlhpSE53dGsxSkRmazFTNlJQUmYzelBjRktYV3Rnc3dnZDJLbHd5R3kzRHF2NGFiMklCbmRkSWx6cXhKNFNHT3pBcmFPYWdKMEk4LVpNeFBvRmR0NUZR?oc=5
iPadOS 27,2026-09-14 18:29:45+00:00,iOS 27 Is Live. Here Are the Best New iPhone Features and How to Upgrade - PCMag UK,PCMag UK,https://news.google.com/rss/articles/CBMiugFBVV95cUxNNTdJRDRaUjNDa2lINFVPOTR6MlpXWkdVNE9FcXFYZkVBWnFrTk9wem9YaENubzlGWU1ydnh5OGdsTVlQOWhYanhGbk0tQWVLRHoxR1J3SVRQRE1PcVBFNlkwbVRWRG5Pa2U4M3llWWN6bDRJRnUybVBuNjVkSnE2U1I0cU1hcGVMTGFiQW53RHpjOGUtNEJKX3JlalpHWHJBSzNmT1E3QzZvdG5aRFMxbUp1M0pWeUZValE?oc=5
macOS 27,2026-09-14 18:33:35+00:00,macOS 27 is finally here with Apple’s biggest AI upgrades yet - digitaltrends.com,digitaltrends.com,https://news.google.com/rss/articles/CBMiowFBVV95cUxNcjdaYnd4dDkxU3VSb0tCV1RXM1JEYnF3ZHltVHlqMXVQSkJDSXkwaUVfdmxBakdOVGZvdEk3RXU4bFFwMWxTbUZ5WURBYWhJdldNRHMwWUMxQkxaMF92QThFZnloSktxV2dIdk9jZU5feDdQczZENlJKWkNSM2lxYjg2YVlYdFp5blE3dmI5THdmVlhFZFJ6V2Z0ZWtMbE1Rdkxj?oc=5
iOS 27,2026-09-14 18:38:02+00:00,iOS 27: Everything We Know - MacRumors,MacRumors,https://news.google.com/rss/articles/CBMiU0FVX3lxTE9XekVkYlc1YWdSbUFvM0dTbVEzSlkwMGdjYUg2LUNWdFJPM2s1RDlUNW9DRGtFR3pJMmRlNG9FemRzeUxLaDRRSllIZlRxbU1GNXBN?oc=5
iPadOS 27,2026-09-14 18:40:01+00:00,iOS 27 and Siri AI Are Officially Available to Download - Gizmodo,Gizmodo,https://news.google.com/rss/articles/CBMijwFBVV95cUxQY25MNllEMWJsRjhRQk03MWlMR0dvemtWd3I1dHhHdkxzNmZlMlNRRzdfVGdqLWdHcXlKejgtRFN6ZnpEOGZ1aWtrOVlITzE0VE9LLV9FN1lyOEpKZTlBTjg1QjJJX24ta0tBcEJlZVhQVkN2bHcwMEl4SFNJZWNuZzc3RHktNDBrWkNET09tNA?oc=5
iOS 27,2026-09-14 18:44:00+00:00,The Top New Features in Apple’s iOS 27 and iPadOS 27 - WIRED,WIRED,https://news.google.com/rss/articles/CBMinwFBVV95cUxOald3VG43dlNUUEUzU0pFZDg4Ni1kTnFHZkxVOXExdkVmVEdJYzJaWVRvTHJ6TXZHR0t4aFlDU29EUHNWUUpmVWRnMXZhWTFWRlQxdXI0eXFzQmRjelp3SERVak52ZHZsQkpuRlY1V1pMeU5BaDl2TEIxMFFmN0hQQncwcTkxYkhTTXZ6aWJhbkJJMFd0Q010R1BCNjI5WUk?oc=5
macOS 27,2026-09-14 18:57:37+00:00,macOS Golden Gate: Everything We Know - MacRumors,MacRumors,https://news.google.com/rss/articles/CBMiVkFVX3lxTE9seW55b0k5U0JPUXRRN0V1WEFDMmJSczFuTDlRTjhwcHhGcUhqdWN5dFdNUzg0ODRNbHBwNXBMVWJTbnVMako1V205NnRUNmJ5QkQ3QUFR?oc=5
iPadOS 27,2026-09-14 18:58:18+00:00,"Apple Releases iOS 27, iPadOS 27, macOS 27, watchOS 27, tvOS 27, and visionOS 27 to the General Public - mactrast.com",mactrast.com,https://news.google.com/rss/articles/CBMiywFBVV95cUxQV0RSTU5UQlBWVlQxMkNNUTVZSzdyM1hpMmp2aWsxRXFYUkU0LU10bjBYUW9RUUwzY3Bib0dRalJLWXZqbGNBeVgwUThSdi12el9GbzdmTHRIOUc4Q29RSXJrTzBvRVB0OHBaakM1NlJSYk9QMzZUOEZvdnQtdnhxRDY4MFhMM0JSamJBN3o0SjdsMGZaeVpFcWtxM2Q4c3RVdmdyUkFEa3YxVEFiOEJ3Ni1NQXZ4bTk4U2RQSEwzelJ0T3duVWFEaHhsY9IB0AFBVV95cUxOZ0pFcUVUd1p2aU9pUk9pOG94d3NIRVlyMFdrX25UTEpaa0stZURLZThsdXdWOFZKZVQ2VDlHTE9kcjlUX0NBeHFfNlJsNHF4bVVVcHpFdUhqNlBrZkhHQVVCUi11R1E5V2pPVFlFUVUyWFVib0NJVHRra0NLd2RoR3ZORmxvekdiNjYwUm5FSHcyVnNET1JRU1VuLUZsaU4waThha3dEQWF3a2VPU0h5bXR2dXYydkJGVWRQajAtcUFhWTBkc3FQSWtkX2hLWFo5?oc=5
iPadOS 27,2026-09-14 18:59:45+00:00,iPadOS 27: Everything We Know - MacRumors,MacRumors,https://news.google.com/rss/articles/CBMiV0FVX3lxTFA4ZzA3X3dvUWoydkFreGRLNm1TblZtRml0YldacUE4Z1pxZHhKX2pjdnJObWhZRklhZ295RWRDV0t0S0N2SDh3SjEta190Q293OEN2MjQyVQ?oc=5
Apple Intelligence,2026-09-14 19:03:29+00:00,The next generation of Apple Intelligence is available today - Apple,Apple,https://news.google.com/rss/articles/CBMinAFBVV95cUxOYlN2SDNfZnJjcXBIOE9iLUdManY4d3g4Q3FNTjRVX0tZMjFyTWlqVG5xWVQzNjRzdXpLUkxyZlljN0JtMWdwaFlSdnM0cDQ1TFhPWHFpbkd6TjdGcnJtWjRJM0UxTkdVR3h1cC1NNVJXVHllZnN6MDEwWkU0WGZWRUhXUEZlRklXTkhTSVViYnNFV1Z5RzBkTXVSMUg?oc=5
iOS 27,2026-09-14 19:05:40+00:00,Apple releases test of redesigned Siri AI before iPhone 18 hits stores this week - CNBC,CNBC,https://news.google.com/rss/articles/CBMigwFBVV95cUxQQ0FLeUE0dV9EVXFIbDYzVk12ejFrYWNvRDI4aktUUzlTWkFMUWU0TDVieXNNeklhaE5XN2VUNER3ZUdtVWc5d3lHakpNOGVhUHhfV2FOZnVFTW9VZ25MRGMtMVdudm4weDlOb3NuR1hoZTc2cllGcFRxSG5vMi1lY1NDVdIBiAFBVV95cUxNbkUxMGxGN29sWTBjVk5uUGJQNkozUVZjSzZJa3VEazFwcVJjbnNKUThkb3BaRUxoYmJVX04weFhGSm1rYVNoNDBlazdEeHkwNUZ2V1I1VGtZM1RyWlNiSmpPMHdnTzc2eHhaX2FGWk5vN1MtQnpsWDF2anZLMkpLdHFkOGFUbFpS?oc=5
iPadOS 27,2026-09-14 19:08:19+00:00,"Apple Rolls Out iOS 27, iPadOS 27, macOS 27, and More to the Public; Here’s What’s New - Appleosophy",Appleosophy,https://news.google.com/rss/articles/CBMitwFBVV95cUxOdEtnSEhRdWtZSWpReUUwVnRNdjlOWUloQ0xTQnhSMUlHYktoRC1GZlRKUnpxVlZfUXlaUnViS2o0Zy1JNTdLeW1BNlp3N29nSndNUXZkZERvVzBweWlEcHpsUzJncWdfRXVkV3dBbGxNelZpdnU1YzkyVDRQdVppV3l5QVJmOGlua0VxVFF6aV9IQkEyN3h6alF5S3RLSkx5dF9UOVBqTFZQckhRR2twdFdfdElCRGc?oc=5
iOS 27,2026-09-14 19:28:42+00:00,"Apple releases iOS 27, macOS Golden Gate 27 with Siri AI and Liquid Glass refinements - Ars Technica",Ars Technica,https://news.google.com/rss/articles/CBMiwAFBVV95cUxPNGNfZzBaTlpwY2NtT0g3OERnYXJfSWJVOTBiWUIyaG1FbHh6aUFkd2dWcmRNQlRieHFmQm9YbklKYTZWZXBEZHNPOXVIWG9BMW9qQkJKUlFuZGx1X285MEIyN3Z2VVZnaXF6alBSMU1IYXBEdWJqZGFpQlNBeVN4QjgwWGF5QTRobnl0R0lfdE5KbDdmN2h0ZjliM0dYa1RGQTFqZmxrMEJwTEZ5ekdPTlpNa2kzR2RzUVNGd1BJZTA?oc=5
iOS 27,2026-09-14 19:32:08+00:00,iOS 27 Now Available: 10 Features to Try First - MacRumors,MacRumors,https://news.google.com/rss/articles/CBMibkFVX3lxTFBvR0tXbWZMUmV3MVJzSEFxRGw0azhWZV9ILVY4TUp2YU56YWRlV1NiellGeGhDVkdZRXBMMHpKbGhoVUNEdGFLV05WT2tyd2t2ZkFGSWQxNl93dVFVMTRnbDNCTUxhNlVfVnNKNjRB?oc=5
iPadOS 27,2026-09-14 19:53:29+00:00,Apple didn't forget about updating older operating systems - AppleInsider,AppleInsider,https://news.google.com/rss/articles/CBMiogFBVV95cUxNYXBtSUY4SUgyZzdLdFY2dWt3Z1N4MENHTEVZbkRVekRWWXF6ZDF2VnBwNGxrLUJRZVlMNTZFTjZxWmpTQlFBMmVMTDZoT0tTTzN1aGZVWUZ0YW44X2hRalRscWw0RjdZS0ZSNDlUYnhscjBlLU9FRGV4MWFtYkgxNGJqckdZYjZJU09JanI2QjJYVlIxMGlhNktWdXJfOXZVWXc?oc=5
iOS 27,2026-09-14 20:05:00+00:00,iOS 27 is out! What Florida iPhone users should check before installing - Florida Today,Florida Today,https://news.google.com/rss/articles/CBMi_gFBVV95cUxPNWdNUHlNeUc2cXdWZGhtN2V4Qk9laXdkWVQ4VXM2cE9WNlpKVDhMQzFoSmtKVXNYUHpmNzdOaFRNQjN3SzNfZklIQlFVTElUVThSX0hRSXNrVDJSaWJraG5qS1I1czRhem9QRUdMVmhQS0FYbG9XWGU4Tm5wckttUGVtdUNTOGtxSlotczNJOE0yU1A5RzVKT3JxXzQ5VGFXc1hILTB2MWRPNUJic3JreEZGSFhmTWZ2cE91RHhpcFQ1cE5pRVVkM3U4QXhtTnJBdVJaTmIxSHlnRVBCMlZsbzRiWHA4cUozU3FhYVYwOU5KZE41MWp6ekU5RVZKdw?oc=5
iPadOS 27,2026-09-14 20:05:47+00:00,iPadOS 27 brings Siri AI and system optimizations to your iPad - AppleInsider,AppleInsider,https://news.google.com/rss/articles/CBMiqAFBVV95cUxQak5wU0ZQWEx5b3BYOHpaOEhPQURISVNYX0JKWGJiaUxqZFI1NGM5TVJBNEVaanJZaHk3TUEtbzByM21jeXc5UTRCMlpfMTAzbklTSXdWZzR6STRSZTlqNER6czlUYUdua1Y0TF82eUNTQkFFUFpEazZmV1hvNEowN1hFUFpPV0R0c3FnNnl5SUdLWmNub0wxemFvVnhFRWJyRl96OVhubVU?oc=5
iPadOS 27,2026-09-14 20:08:09+00:00,Apple released iOS 27 and iPadOS 27 – what’s new and which iPhone and iPad models can be updated - mobidevices.com,mobidevices.com,https://news.google.com/rss/articles/CBMib0FVX3lxTFA2OW1wQ2I3WEhSOFp0TkpLbGs0Y29tekVQbS1lVVlWbXFDYktIOU56ejEyN3l5a210YnkxaU1hZ3d5bTRlNVlmV2hPNENLdlo5cjlEVFVDZXphMjBzWkZDRDB5eTFkWXdlMUUwalpyQQ?oc=5
macOS 27,2026-09-14 20:25:07+00:00,Apple released macOS 27 Golden Gate – what’s new and which Macs are supported - mobidevices.com,mobidevices.com,https://news.google.com/rss/articles/CBMiW0FVX3lxTFBUUDd0YW1tUFVQdUpKWHNHb2ZJcHA1VW9Ta2ZXMUhYbWRkWWNjRkRhc1prVWFSMTlRSUJTVTZMT2VnbGdubmJPQzE2eE5zQmtlTEg3NW5ZVzV4MTQ?oc=5
macOS 27,2026-09-14 20:37:58+00:00,Apple releases macOS 27 Golden Gate: 7 new features to try - Mashable,Mashable,https://news.google.com/rss/articles/CBMib0FVX3lxTE5ybGFFNE5hb3BZdU43amc1SHVZRU5ha1Bla3phaC1KQ3NnQk0tdWxqMjltMEZMTHRKRjY4ajVIdUtIYzVvSGxCTlp3LTJaMHYzSE5MYklXb1JjMVRzT3ZHaC1ST21tMWh4akNiaDJCaw?oc=5
iOS 27,2026-09-14 20:47:00+00:00,iOS 27 is out now. Here are the biggest changes the update is bringing to your iPhone. - Business Insider,Business Insider,https://news.google.com/rss/articles/CBMikgFBVV95cUxPdEo3NjJmR2pkOGEzN2JFYTVtcHlRanFHTkVHUlFieFhmbHRlZTZwellkVV95cnIxb2VUSUVpdzJLSzkyaUZoSjU5NURGeUxIOU1xUGdFUGNWbG5CdlB5SXBjNm16Y0NmUW9mQWJqd2JfaGFLYmFKeHpqNEtxSVZTcGhkYXZkVWNlQ1hrRHJRclRUZw?oc=5
macOS 27,2026-09-14 20:54:00+00:00,"macOS 27 Golden Gate, macOS Tahoe 26.7, and macOS Sequoia 15.8 fix 200+ vulnerabilities - 9to5Mac",9to5Mac,https://news.google.com/rss/articles/CBMitwFBVV95cUxPWXctN1A0MEFhN253anZZcnlNRklkS0hqUjBINmh0Z2k3QzBuWWVDeVl0dWtsNk9XWGdYeVMtTmhXY3JyRl9mTk5ZdklMYXZMRm1TUk9HczFHSHFNZU5mc0JHRnZJUVJWTDFJaENELTBhaWxEaEY3dHJ2aHFsTnAtS2pDNDJON3RmLTBhT2RuSEFxQXRSME16UktGc1NndVhIVTFYX3VZNW9qeUNNLXA4QVFodHdWZWs?oc=5
Apple Intelligence,2026-09-14 20:58:00+00:00,Disabling Apple Intelligence Just Got Harder With iOS 27. Here’s How to Opt Out - CNET,CNET,https://news.google.com/rss/articles/CBMiiwFBVV95cUxOdGhHYnMwZ3ZSM1YxRFowUU9xVnRsNXpuTW5WdlhweUxJT1ZVMWNJaUJadnBlRFQ2Q1ZtSUc3RzRMNW1CUkNsTW5LS0loc25fTUtobmJtQWZsMHI0TUZfU2drX1ZPT2E1ZHZ3eTJkSDAtSFZ6MG9VcUUtY0p3dzk4UU1MUG5OSnBCRjc0?oc=5
macOS 27,2026-09-14 21:15:10+00:00,Apple Releases macOS 27 Golden Gate With Siri AI and Liquid Glass Refinements: how 26 outlets framed it - NewsCord,NewsCord,https://news.google.com/rss/articles/CBMi6gFBVV95cUxQUzNXSmttWWJRX2Jja3BvbGFwczN1X0xFZDludXFOcUlrSjNNazBuQTZxc25yMmdXeFd5bWJTN2xWLTU4ZjlZU0pObk03NGhOQ1ZRUVJYR3RBcjdhSk9Pa3FQQ0RNeVNWQ2pQZ1dBLTNhRWVkamxQaGZKSXYxVlhleG9NYXVRcjItWGhUV0hETlZiVDNsaWdoVVd4QVpDTmtZQ2UxTURyaDIzWDd4bk5IOVZLd2I1RnEtaUhDTlFsTHNuYUg0MEo5c2NiMzYxSEZMeVY5bmtfWjE5alFncS1TWDNVYjlsZWJfb0E?oc=5
macOS 27,2026-09-14 21:25:32+00:00,Here's how to download the macOS Golden Gate update right now - Tom's Guide,Tom's Guide,https://news.google.com/rss/articles/CBMipAFBVV95cUxORjNrNFRFUEVMZms4WDM1RDFiaVptSmVPQ3ZCMUNEb3JJTHpId1NRaUhKa3l5OUNLLXRNVkd4M2Z3ZWFBVkt6SjladzF6eWlTUEJUSVduaGRtTEFpMFdEcGdlVFgySVFTTDVmeW5aZThTMWgxNkd3ZVNfOHBNNmJtUERYT0x5Q09LVU13ZWNpRUQ0UGttSUdtTXR1WkFmZ3lzMVFkOQ?oc=5
iPadOS 27,2026-09-14 21:26:00+00:00,Here’s every security fix included in iOS 27 and iPadOS 27 - 9to5Mac,9to5Mac,https://news.google.com/rss/articles/CBMikwFBVV95cUxPWFpLQVdSUUZUYUFUZlJneDdjY2xJdFNKLUVIVElmSzQxOXR2a0FiWWdodXVSdnctT0pHbXhuY183aHE0MEdrZjEyRXg2ZXFhLTNfRDY3RlZZVkx5NVVKZ3RYQ1NPX20talh4al9qeGRHSkZfVkdQMng2TXJDZV9NejQzNmhRdndqQjR5Tzd0ekpGNXc?oc=5
iPadOS 27,2026-09-14 21:30:44+00:00,iPadOS 27: How to download it right now - Tom's Guide,Tom's Guide,https://news.google.com/rss/articles/CBMihwFBVV95cUxQX2FuMGUtUEJXRmZ2R1hya21lOG1malkteUhkXzdRVE1ra1dHZjN5NmFpeV9QdFdKcG5mbVFuUEk1UVpKNm9xeFROREtEaVJEZjhka1BuSXFhV084dlVwOEt4dUtlbmhTOU5Hb1BtQ210UTd5VG9kUi04SEhxUnZwMm5QRHQzV2s?oc=5
iOS 27,2026-09-14 21:31:22+00:00,Not ready for iOS 27? Grab iOS 26.7 to keep your iPhone secure - macworld.com,macworld.com,https://news.google.com/rss/articles/CBMiqwFBVV95cUxQRlMzTXM5THFuT2wwZGVONWtTQU1LRm0yWnFNdEI3aWxqS3JrcVQ3Sjg4WjlIODJOXzZYZGtGdjFnOXp6amEzQ1owb3EwcDVtdEJwS25WMUlqRzZuRFphRm45NmtyMGNJR1NXZFJyUkczY0U1VlBNZnNhbDRST3dhZnBBN05IN1ZDQ1YtR0taOVJuX2Y5N0lSOHllOU1WZi04Z1hQSFA2bWt6aFU?oc=5
iOS 27,2026-09-14 21:56:10+00:00,iOS 27 is Compatible With These iPhone Models - MacRumors,MacRumors,https://news.google.com/rss/articles/CBMicEFVX3lxTE5uRGF0d2NjTjRSOUNWYUhOMWNFSFBxZkJLTy0zWUpyNGpHQTBGSS1uaTh1M0VuZ0RfN2NNaXRDVEJmdkJxMGpoWjlzTGs0VUZRVGdPMEplU3BGdEY0Q3BpcXM2T2FicUpFYy1na0V3cGc?oc=5
macOS 27,2026-09-15 00:02:00+00:00,macOS Golden Gate: 10 Features to Try First - MacRumors,MacRumors,https://news.google.com/rss/articles/CBMickFVX3lxTE9mM1Jwa1RLcjlSLVBwQjI2S0wyRFdKTU1vc1VkaGhORFkwOWFFdFAtZkJfbjU1cl9Bc2Q2dTgwa2RnYnpJRDJOMzZTd0ZjSTQ1MFBtMXgzWW5oQmRCejVtVWVNVExVVUZ2RlJ4VFhTMHpxdw?oc=5
Android 17,2026-09-15 00:19:48+00:00,"Pixel 11 Gets Another September Update, but Android 17 QPR1 Is Still Missing - TechRepublic",TechRepublic,https://news.google.com/rss/articles/CBMilgFBVV95cUxQeEJSZFQ4REJoQkVKQzdEZjJ5UzVIQUNPNW9rVUt5QjZ4alVHOVo5cjZubWpTSHZOUnJfMXlJTnpDMThsUUxCZ28wQVU4NXJ5WENsaTduV0VLbDBDVV82aFM3cXo3SEl2MmxfQW5kelp2RnhpUHhyLXNlNWU2NVF2WlFleWhLemg1RlFjTmVCQTRPeGFtc0E?oc=5
iOS 27,2026-09-15 00:34:00+00:00,iOS 27 Features: The Ultimate Mega Guide - MacRumors,MacRumors,https://news.google.com/rss/articles/CBMia0FVX3lxTE9XYktNXzRUNmZzZWsyM0tkUFd0NzYxS2Z2V2NabTRCcU9DaDNZcWdRa0NjR2x1TjlqTjNISVdnTFUyOVdwOWVhc0Jtc1k2N2xFWlo5eHQ4c3FpTUpoZnUtN0kwVlVZU19TVEE0?oc=5
iPadOS 27,2026-09-15 02:43:00+00:00,"Here’s what’s new with parental control features in iOS 27, iPadOS 27, and macOS 27 - 9to5Mac",9to5Mac,https://news.google.com/rss/articles/CBMisAFBVV95cUxQVlliSUgyT1N4aHcyWi1Ia1dwYUhJVlEwVEwtdDQwTTVpLU12TjlwRDZoZWtvdjlVdDc3c3dLUGFRMHVOZVFuLXQtN2dwNTA1WmJQNE5sd2JfdnBuel9MZ3JyeWNaMFZVdDlzeHlMSE1IUWxSM2tyaG1NRzVfdFpOR19JV3JleHQtUGdzUU1mUWhsbFJrbUpUekJyQ2NmMTNiY0dJbVRIWVpEaWxHS3NvTg?oc=5
macOS 27,2026-09-15 02:58:00+00:00,Apple overhauls security with iOS and macOS 27 - iTnews,iTnews,https://news.google.com/rss/articles/CBMijAFBVV95cUxOZUtBUmJZN3JJc0RYa010SEJZeFpMNTdJak1DWUtTMHJoZWZsYmxCenI2V185UGFDc0FTc0doYU1ucWRSTUdFUzRFQVNnWHZ1M1FpY3hyeHdudkZIa3N4WlJwdFhpakVSRy0zaDlVVlU2dnRaLU1Nckw0LXZOY2VudktuVkVlSTYtazRJeg?oc=5
iOS 27,2026-09-15 03:42:13+00:00,Apple Releases iOS 27 With Key New iPhone Features And Major Upgrades - Forbes,Forbes,https://news.google.com/rss/articles/CBMivwFBVV95cUxOYk5UU0xKRm1CbFRuZEhIdl9HVjFLWExPaGVsWUFDN0hObjZ5T1UyOUs0VHRmMWVmWkl6ZWFUZlJyWERZeVlsa2dFM1A4aXVxT0gxbDNOcEhlVUI5NTlnaGtVVm1wT3QwQVlmSmF2TS1fdFZlQk5CMk1yUU5CeHpmMXFNZFpMUTAyUUxSMG5aTzJnQXpCVUppc2Y5RUdmMzVHS2lOY01XbG5ILXhvZWZpVUt2dWprNVMxQlpGZmR1aw?oc=5
iOS 27,2026-09-15 05:45:00+00:00,50 New Things Your iPhone Can Do in iOS 27 - Out Now! - MacRumors,MacRumors,https://news.google.com/rss/articles/CBMifEFVX3lxTE1nTW50Skdaa1ZiSVFYdUdDWkcyMVY0ZGpuM0htUU54NURkUjlmTmpVcEFPZzRHdXRiUFNDM1gxVnZ1enVrczUyTUoxQ1l2OXdhRW90OG5iSjdpbUFFaXNNYjlqOGx3WFRNaXh0ZjhvblNWRE0wZUlmQmFtM2c?oc=5
macOS 27,2026-09-15 06:11:14+00:00,macOS 27 Golden Gate: Intel Macs Dropped [2026] - tech-insider.org,tech-insider.org,https://news.google.com/rss/articles/CBMie0FVX3lxTE9BaWIxQ1hBd3RrcXRpZ1Y2S0x3dUdhYmtOb1IybndpamNSMDRSVGFwaW9GSUtCWVUxczJlSE1ydERMZVItSkUxM19DNjVBc3QyOTVMcl94SW10SUpOamNEbERSNkIwVm14d3hHTWJ4M1owLWV1bWljaU1DNA?oc=5
iOS 27,2026-09-15 06:25:00+00:00,iOS 27 Brings These Five New Features to Your iPhone Lock Screen - MacRumors,MacRumors,https://news.google.com/rss/articles/CBMiiAFBVV95cUxQNEROQXdlOC1oUW02QUNKeVhsbmNTdkRZUS1mZ3o2S2k5MnNnaC1hV1g5bTVPZGI2c1hIb05MNGVPdVptMUY4T3Q4RFgyR0hvQmduRnJna29PV1JuemZQd2tlT2VWMnVNN2wtYkZQU2E4ZExsMHQyTlZoV2VnOHpBdklYRlJiSlB0?oc=5
iOS 27,2026-09-15 06:42:56+00:00,"I'm an Android user, and these iOS 27 features are everything I wanted Apple to borrow - PhoneArena",PhoneArena,https://news.google.com/rss/articles/CBMickFVX3lxTFBadlB1ZURRVDQtTzlGck1GODYtR3BldzhVNnkydUpqcUxFSS1rWm9hTkJndG1MbFUwTUZGYTBEVDgtZ0xLMkxZdUJKRkhsUUpGMm04TGpZUFg5NW9DZzBEbWZtNjFQZHZQNmdwWDYxMW5qdw?oc=5
Android 17,2026-09-15 07:00:00+00:00,Google Pixel 11 review: Software and performance - GSMArena.com,GSMArena.com,https://news.google.com/rss/articles/CBMiakFVX3lxTE1pREZVeHE4Ny1zZ0lJU2dUQk1ybzhDdGVuT3RMdzlkWk5EbDRzOTAzVkpZOXNqSHBISFh6aHhLc3Bxb3FBWW1uUWpYWHJPa1RVMzU5ejBkUHBjQmdFUWRjSnA0RDJxWHlGWEE?oc=5
macOS 27,2026-09-15 07:18:13+00:00,macOS 27 Golden Gate: Intel Mac Support Ends [2026] - shattered.io,shattered.io,https://news.google.com/rss/articles/CBMihAFBVV95cUxNUzcxNlRQdHVXVHFSV2h6SG9Tc0lGTVA2VU5uLW5Oa0JhWV9aT2NjaWZJQjRqbUw5X2daYzdVemdWakg5eVBLYl9raEc1Z0hGNUVfZm1lUVJIaHZ6ODBURllHVU03MTFDUGJjU01ydDUwQU1hcUQxU0I2THZ4RFVTRF9FYmo?oc=5
macOS 27,2026-09-15 08:37:42+00:00,macOS 27 Golden Gate for musicians: Native Instruments and Focusrite say wait - The Mac Observer,The Mac Observer,https://news.google.com/rss/articles/CBMipAFBVV95cUxNX1g2ZmUzcURTeGtNazNsWS1LWm95QTg5YzFvOTU1a29iX3VLTFJxZnZmbkVfM1RzVkxjYjFGOFZudnpvZGkzdThyZDZra1dFVE9qcXhkT2s2d2ZQY2ViMnhwVmlYRkk1cHFDWEtOUjBZT1laWkxxWlRJNkdSM1V0dXZnbXJMVE1RcndWamRZZzdGRkZWTkNPcnNvWjJkZVVOSEktWg?oc=5
iPadOS 27,2026-09-15 09:50:11+00:00,Apple’s updated Screen Time in iOS 27 – these are the settings to change before your kids find a way around them - stuff.tv,stuff.tv,https://news.google.com/rss/articles/CBMi6AFBVV95cUxQOGZKYi1reVhkRjE1aDhIWllnb19LYWZ3eWV2NlV2aUdjT2JaRDFFWk5hMVJYbE1BWWt1cUd1Z0wzZ09tbGg3V3ZxRnhMYlBYZEpNX1RtWVBGTVVMTkRmTXhMdjI5c1c0TEdxRzNuX3RqYmhtakY0RGVfcDgwclc2c0VuOVJrQTVNSnBid3pTTGJDNUhkUnBlWWNvNVBjOXFPeFVUUkhLelBaZDE5cmxJdHZIdWlsYVVFRkljRXppbEU2MDZ2YTdTZ3pCWU1PSmF6bTBZNE12MDN3SGp4R0d6dGVhV0FTelhx?oc=5
Android 17,2026-09-15 09:52:20+00:00,iPhone’s best travel feature finally arrives on Galaxy and Pixel phones - Tech Advisor,Tech Advisor,https://news.google.com/rss/articles/CBMiqgFBVV95cUxQbHROZzRFeWo1eHd5bUNIYk4zbV85SjFDcjNXZWNnbDRCRWozbldsTDBKdno0VkI5RTBPYnp0T1Q0X2NZcDRqUmJVRGUzaEdibVI2QkthVVVhNmZNN3BXR19pdlczZloySHNraW1uZHNSamdpMWNRbXVHRUlyWlRyOElFZzdoV1dyUjlGNlBUb0pkM21Iam1zNWgzSWUtVjM3b2J3RlJGRmR0QQ?oc=5
iPadOS 27,2026-09-15 10:00:00+00:00,iPadOS 27 review: The iPad gets smarter - Tom's Guide,Tom's Guide,https://news.google.com/rss/articles/CBMiakFVX3lxTFB1S25WUi1EUktad3FfVjhLaXdrYmloby1FdFJuRmRURnY0ekFqTHdrTVROWmphSnhCYWwybnJIOVVjc3lUams5QTA5dWlTOFctaG1DS2V5MWRWRl92R0J1QlVmY21Udkw3TFE?oc=5
iPadOS 27,2026-09-15 10:00:14+00:00,4 iPadOS 27 features you should try right away - Pocket-lint,Pocket-lint,https://news.google.com/rss/articles/CBMib0FVX3lxTE5zVThpWGMzV3lIb0RyZVdVVW0zMGZfYUJFMjZYYl8tYVd2RUtTTHlSRDN3OXZKYnphWlNLSDZBYnc0akZrT2F3QzU0SVgteXI1YWtCdENCZGhJRVROcjJVWndFOFFNejNuOTh6SlZBTQ?oc=5
Apple Intelligence,2026-09-15 10:21:42+00:00,Apple Intelligence can take up to 14GB on iOS 27: Here’s which iPhones need what - The Mac Observer,The Mac Observer,https://news.google.com/rss/articles/CBMipwFBVV95cUxQUkpTZ1VyRzRxbnhQOTkxVHhqZXdwN2VKYk01TEd3ZVlRdXl0SU8xT1J5RElOaVhHeFl1bXdjOTg5d1VMS2RNdTE1Q1ZyMGU2Zk53QjBlWGd5TGJkUGZBWEszeHNMbHJGR2xob0ZnUGVpbk1ldlMzWVdIbk90ZUdEWERvbGtibTYzRUJzSXY4Tmp5ZTdneW5ZOVBOUEJvcTQ0ZXFXY0VMYw?oc=5
macOS 27,2026-09-15 10:31:08+00:00,3 reasons why you’ll love macOS 27 Golden Gate as much as me - macworld.com,macworld.com,https://news.google.com/rss/articles/CBMiqAFBVV95cUxOaFJVRkQzWG9YNWdfNURLeXVkdF92OEhrRFNWd2p2NUR3YzQyQVlWMEpWUGl5eEZZLWg4ODlXOWUzSUxjel9yaHREd2J6NFhwNEZuNzJlMDR6Zk0wWGtYaHhIdFZOSlhfNk9RVUozbUlPcjg1b0R3dVVCMEJLeW1GXzJ2SllXeVNFRnJsb0N4ZXBOaGtSd0FQVmw1LUVBd2FtMFhCa2hzOGI?oc=5
iPadOS 27,2026-09-15 10:46:06+00:00,iOS 27 iPadOS 27 macOS 27 - Thurrott.com,Thurrott.com,https://news.google.com/rss/articles/CBMiywFBVV95cUxQN0JfUnZpNkdyVXFvdVlCNF9iX2t1cVJTSmtTeWNST1JUTTVYTUJlOE51eWloWmJVNXZuS2dtUkVObi16ZU9CclBPNzR6X3pGVFBad0R4Wjh4cko3Mi1qb0UxeWtMUFEwSHdtOXk3Mkk4NlpfZ0JPS3JkZzJVanJZOVBvNXRfTFQ2b29MQnVhUm8zYVlBRjBJa2s0TGlOdkZhanJiTzU3by13WUtsOHhDV2hrWmNGMUlZd2tUOU10bnNpMGdLS01TU2tfYw?oc=5
iPadOS 27,2026-09-15 10:57:41+00:00,How Apple’s New iOS 27 Features Can Help Keep Your Kids Safer Online - Man of Many,Man of Many,https://news.google.com/rss/articles/CBMiZEFVX3lxTE9RMUViT3JvUzNkTnRhUFJZcHVrTzMtc09FX3lqeVpiR2xibU1vVTdVcFlxMUpVUnpPdjd3eHNkdVd5R28wcXBSalpYNVpxTDZIMEZQcVJ0WFFScEpaUnFyRlY3UVo?oc=5
Android 17,2026-09-15 11:00:10+00:00,Android 17's 'Continue On' might finally make me stop emailing myself drafts - Android Police,Android Police,https://news.google.com/rss/articles/CBMic0FVX3lxTE42d2NCWm9PN25oWl9td3JPaU4xQlJMUTFVb25qeXdoRDNxMnpoWFFVQ2lYY1lwSjFPZmt6R1RaSmc5ZUsyOG5lR3dkX0k3Q0hSQ29qckF2MXY2MjlxVVBONDB2dEFZMk9RU1pQbm9JSXE3UkE?oc=5
macOS 27,2026-09-15 11:06:11+00:00,"Apple Patches 200 Vulnerabilities With New iOS 27, macOS Golden Gate 27 Releases - securityweek.com",securityweek.com,https://news.google.com/rss/articles/CBMirgFBVV95cUxPSWZqOGxTTE1QRDlBdGkxUkt1REdER1NIWjd2dXhiZHNYZENvaHVuSEJSMkZZSUpEajdpaDhVT0NQTkVHNXZyMC1ONm9QX0ZVWWVncmxQa25uQkgzdXdSOTRobzJZTkwwRkJkejZPRC1oN2R5WGpRX3JERE4xbXJVRnhNVnQ0YUsxYVN6S2l5Z2lmNnR3VWVxRjhYMkNXU096ZHJKNzFMWXdnMDNhUnfSAbMBQVVfeXFMT1BteDd5YlFtV2lpbWVoWkN1Qml5eUwxRWZ1a1NVa2xhQk1HanYwOThiZlVJZjNJNVA3bkhaSktUUGpaYzdIQ3JpQ2FlczVUQld3emx6M1p6b3k2TFZKLUotNUNVMG1QaHJhak5pWi1CTGR4em5YWWVBdGNyME5yb094OXhydzUzel9UUFo4NmZOM19Ta0tPM2llU3p2NHFZTjZ0VVlaRE13aENUSmNEVHI1SW8?oc=5
macOS 27,2026-09-15 11:18:28+00:00,12 macOS 27 Golden Gate features you need to try right away - macworld.com,macworld.com,https://news.google.com/rss/articles/CBMisAFBVV95cUxPUUNFVDJSTzdiclVsZi1vcVJ5dlBLblZ0Q3BhcktRSS1PT09mcTNlZ0l2dEZwRzhqWGFHVmhVYXZXRi1oOUp6cjZKbGZ0clQ5Z3JMdW5ZYkMxSHR4RTJMSV9DZzJocE1iZ2J2ZzVfUnJSWE02OW5XZS1vcWxJTVZVdy15UktSQ2RqSUJ2elN4Q3E4RUpIVnRFcV9tajdpNVNnejlVci14M0VycjRhOFhydA?oc=5
iPadOS 27,2026-09-15 12:03:13+00:00,iPadOS 27 system requirements: will it run on your Apple iPad? - stuff.tv,stuff.tv,https://news.google.com/rss/articles/CBMilgFBVV95cUxON1FhTlpRaDV1bkpTRld5Sm9JRFVLdnBSb1pUTzdWbXphOTEtT0o3bnNVXy1CWU05blhhcHY1V3lYNXdIcGEwUzZQN2NxUFgwSloxT3NUdWU2dHl2d2hwYzJZS0RnRmJYS3BhNkxiREFXZXdUQmZxX3dicFBtMlJ3WTFJZ29vQ19ISFVrSm1pdmtfWDhEbnc?oc=5
macOS 27,2026-09-15 12:06:33+00:00,macOS 27 Golden Gate New Features: 7 to Try Today - Gadget Hacks,Gadget Hacks,https://news.google.com/rss/articles/CBMijAFBVV95cUxNeDU2VFlpSW9lUW9XdHBudV9ZdUY0SWE2ZUdMbVRIRGh4X3lCTjZLRGt6Vk1lRFd0dW1IMGM0dkxBV2NrOExnZVpmdU4yUFBCeFJRRnNQVFkxY3c2WWZQa2lwTkdoMkZWSFZ3MjhhOE43Mlp2aU9kMllfQUt3U05XbUNaRzhCM216aUY0dA?oc=5
iPadOS 27,2026-09-15 12:08:26+00:00,iPadOS 27 features: which iPads actually get Siri AI? - Gadget Hacks,Gadget Hacks,https://news.google.com/rss/articles/CBMikAFBVV95cUxNQllRa0lfcGZZem5VLUNfRUVWMDIycTduTUdjcHprVTMyM1BiQ0dWaldBUkRkVlN4Z1l6RG83a25YV2pZaHEwTGRhdGU5UHlnakwxc3BOdHhrMHhCMUlYUzhSaG94aGhLU2ZkbW9HUUliWTJQTFlFOGktZkNkQmxhY242aG1haHdJT3VaVDU1UzI?oc=5
iOS 27,2026-09-15 13:13:10+00:00,"iOS 27 is finally here, with the new Siri AI beta – and 120 security patches - zdnet.com",zdnet.com,https://news.google.com/rss/articles/CBMib0FVX3lxTE5iQjBfa19kaUx0V2V6SW5UVUF4MU45dDFmeW9PaFpuSzV4SkVyald0dTdJMHA1RnFWaW1abndFM1Zrd2tTV0RLbWJwNWpaYVRYRlNlY1B1RWVXRzdmNzdqdV9lSXdmTHlGUGprNmEwUQ?oc=5
macOS 27,2026-09-15 13:35:43+00:00,iOS 27 and macOS 27 User Reviews Praise Smoother Performance - The Mac Observer,The Mac Observer,https://news.google.com/rss/articles/CBMiiwFBVV95cUxPa2FmeGlReTBocHRKZDh0b2d6TFdlTVFiS3NseGIyRTFkTjFqVDRzWnc2RTN2bUVINE9BWExoNzc4WmRsQkFMRU01cnJwcHNHUDUxclBCN2VFazh0bUFibGNER0FYM3lyaHlNN0VXZEJQZHhRNVBJQTlvb1M1Yy04dDFBbE9Rc2h2N2pZ?oc=5
Apple Intelligence,2026-09-15 14:41:24+00:00,Apple TV announces eighth season for Emmy- and BAFTA Award-winning spy drama “Slow Horses” - Apple,Apple,https://news.google.com/rss/articles/CBMiyAFBVV95cUxOMWNVdG42TkVDbVZFU08wS0dBZ0FWTjZYM1hsV1p0UmFoM2JHOENDUEZIbWEzOVhVaHB5SUpwSUMwYV9PdXpSXzJBUURCRnE2aU1xSGdYTmRVUnZnOHBlYmc5OFZ5TDc5RWdJSTRvNTB0Y1hpOC1IZ3Y0U3U0dzMtMmZJcHVacU9YQzRVQVpSVlhCVk5sd2pteFEwY2dOX0VLZml0N2IyZlY5bXRRcVpRNnJIcFlsM0k3cExtUGpSM2NqT2I5cWxsMQ?oc=5
iOS 27,2026-09-15 15:28:01+00:00,Upgrade to iOS 27. Then do these things. - NBC News,NBC News,https://news.google.com/rss/articles/CBMigwFBVV95cUxPUF9TWS1sdjd1OVRrSVNBOXNWamIyZlBleXdZZnZjSWxmb0swSmM1ZjhNX2ctMlNMOVJKY1R6eWtHTHRkbnJtRVdrZTJjVjhCRDJrazVfaUxra3M1TkxzMnpwTHljLUk5NlNfeEpuM2ZXSEk5MjRRWElCWDJxTFAzMmVfVQ?oc=5
iOS 27,2026-09-15 16:36:25+00:00,iOS 27: 7 features you need to try first after updating - Tom's Guide,Tom's Guide,https://news.google.com/rss/articles/CBMimwFBVV95cUxNcFdsTHFHQkJteC1ocXRVSWxqdDhRMlRKX3ZBSHg1bEJFanBRR09PM0tlNjlTRlliTDFJNTJYNFRYdXZNc2E1NGM3cE0tdHctWWhyNExBdGtSbmdHVEIwVjRua3hITWplTXQ5N3E1S3lGYmMzV3hfVXpuMFpqRW1BSkx0dGVaT1g2VXEtVUZPeWMxeEgxdjREbUJZSQ?oc=5
macOS 27,2026-09-15 16:40:00+00:00,"macOS 27 Golden Gate ends Time Machine compatibility (so, c’mon, Apple, revive your AirPort line-up) - Apple World Today",Apple World Today,https://news.google.com/rss/articles/CBMixwFBVV95cUxPRlpXLW5VU2x3YnFEaVpWdkFISmJGQzFtaXg4R0I5eWV3THN3aThsUjBCWm8tZkVEUldlNVdsUlV5WFZLaWpwSUxVRF8tSWk5V0taNHYtU1FxVmV0b3pqSzk4ZFotWml0U19OTFZCa0dqOFVmQUo5WmFNamxXanBXQklaYzNLY1R1N0U0NnlpX0dfajhvRmFLSTl5R29iM2dJX3BkcFBCV1ZQbGZzbnZvcFhRVWp3U09VZDNaRGpwNVladElfWkRV?oc=5
macOS 27,2026-09-15 16:44:57+00:00,Should You Update to MacOS 27 Golden Gate from MacOS Tahoe or Sequoia? - osxdaily.com,osxdaily.com,https://news.google.com/rss/articles/CBMipAFBVV95cUxOVkFjZTRCUzQyUm5YSlZoN2RQS3o2bWxCWU04dldhdzRyc0ZVQXBFSEhsQ3VVOXVqeC1pdkFUZUtiYjFhM2JRek55Ymdpbkp6V1k5cTVTVkVtdGR3VHlLaS1kdWZfSElfUkMtRENtZDZlWm5qTUJUWU9LUUZGbjZvUTNFNGFBSzFRVkpRVEVNV0xOWjRFZUdDN1R6NWFWa1FlaElxZA?oc=5
Android 17,2026-09-15 17:28:44+00:00,Google Rolls Out Android 17 QPR2 Beta 5: Major Fixes for Pixel Phones! - nokiapoweruser.com,nokiapoweruser.com,https://news.google.com/rss/articles/CBMifkFVX3lxTFA1Q3RCWFZWWWFBZFVfZ0cwd2pQb1I3dUI1dW5RRUZTd19PMjlGWXBfRWhtb3BCMVJ5LUozTXNkanpuajNkVWZmNW5tOXpPVWY3RUJTc2xZWlRwcWI4RHZVckJ4TFFLY1ZyblFVc08zYzFDNG8xVEJGaUd1T3VMdw?oc=5
iPadOS 27,2026-09-15 17:35:32+00:00,iPadOS and iOS 27 Now Ready For Download - ilounge.com,ilounge.com,https://news.google.com/rss/articles/CBMif0FVX3lxTE15TWxxcDJjMVhKQnJyX0FOWXNpUmJQTE9pR2VhSkx1Njl2T3lPbm1nUUxBeEhZNFNIOUpIdzFjd3VkbmxYVmNHNEM3dUloMkRLT2lSYWUzWTlxSDB3bU9YZ01jel93R2N2c2gtemk5YUwtSXlxbldZSno3WTM1OTQ?oc=5
Android 17,2026-09-15 18:00:00+00:00,Google rolling out Android 17 QPR1 for Pixel - 9to5Google,9to5Google,https://news.google.com/rss/articles/CBMiZ0FVX3lxTE51SDlQMG9TQkp4YjVUYUZoblhUdy1QTmVOa2QyLXl1MHktZ2F6NkNuNklDa1U1LXNRTnM0SWJOQ0pKcHdoaVBMeTdBd2JoZXdYVlV2dUpGdFpCMkZZYktIclRiSkdEU0k?oc=5
iPadOS 27,2026-09-15 18:03:34+00:00,"iPadOS 27 Just Dropped, Here's What's New Beyond Siri AI - Android Headlines",Android Headlines,https://news.google.com/rss/articles/CBMiggFBVV95cUxPYmVIVTkzNkNncGtoTVdoS3Jmc0t4ZXZ1NWs3dkZ4bDhDanZ1cEdZSzZ3bnZwUFFrckMxRHhvODZIU2NHd19LbTRqNFczR2stQmNJRFhIeDdITmtjNHV2R1E4dnJRN1VjU2szTkx6VWJQajVSYzlDMGRjcmVQM0NQYUxR?oc=5
Android 17,2026-09-15 18:05:00+00:00,Every single new feature in Android 17 QPR1 [Video] - 9to5Google,9to5Google,https://news.google.com/rss/articles/CBMijAFBVV95cUxQZm5CS01JRWJIaEYwVUNPMFQ2NEo1N2dKVGtHc1phSjBQcm54UmJSdm5hRTItU2RiUnA3YkZnVUdYRUY4THdBY3pqc29pTVhsUWN5TExEWnVXZDFLZndOMjNlNFR4SnBPS3FFem9NMXd3N1VqUzNadVhFMTlZSUpSZ3lvU0VQcV9rLU1tRg?oc=5
Android 17,2026-09-15 18:30:00+00:00,Is your Pixel getting the Android 17 QPR1 update? Here's every supported phone - Android Authority,Android Authority,https://news.google.com/rss/articles/CBMipAFBVV95cUxQX0JWT0ZjUlBuSXJOdTNQTkhkaVRGWWI2TGFhTl9mbE1CaUIyQTZwTURqMkx1M25RSTRkMTU3dm12bHY5QXBxSVFhTWZaTkF1bUlrU080YzFENmdtbUNZeTVaY1ZYdDVHWEJTYm40NlVvMFhyWC1HdkNVR3ZVaFFNT3did012cnh0ekFoTjhBZ2ZxUXdqM3VmUXd5Z3liU2JwaUh2WQ?oc=5
Android 17,2026-09-15 18:45:00+00:00,Android 17 QPR1 September update rolling out with 20 Pixel fixes - 9to5Google,9to5Google,https://news.google.com/rss/articles/CBMid0FVX3lxTFBQM3hkaUhfZk4zR1VBS2hkMlRtWjRQR2VTTjVrM0g3OV9hN3dLNWx5RXFqLXQ5TkNpY3ZzakJfdUJwTTVKaDhQRkpQQUd3TWhVXzVWNGNSUVdXU2sxMUFwOTNEZzhZOENPeGROMm43WkRYY0lyM1JF?oc=5
macOS 27,2026-09-15 18:46:49+00:00,"iOS 27, macOS 27 to Let You Swap Siri AI for Claude and Other Third-Party Models - extremetech.com",extremetech.com,https://news.google.com/rss/articles/CBMiqwFBVV95cUxOU3dLc2NRUHdLS09pbkV1YTNwM3RRQURsSlpRQ0ZaTl92SXlHdlQ4bHZkVFV0Njg3eGJ2S0liUlI1T3E5czljR01BNmFscC1LY05sR0hWdnNGbmVWOHZuX2tDMXVHeEZINzRKOUtXMEFhYzk2ckxvcWlscE05bHFyeFUyemZLcXd4ZGVEWXpJLUNyTmVkN2VabmZZYnlWaDBuY0lTQ3ptaWJub3M?oc=5
macOS 27,2026-09-15 18:47:00+00:00,Apple Releases iOS 27 And macOS 27 Golden Gate With Long-Awaited Siri AI - HotHardware,HotHardware,https://news.google.com/rss/articles/CBMib0FVX3lxTFBmWXdiQmtSNFFhZ3lndVFmd0R0UXZoQVFrV2xRTF8tSVpmaFdsc2s1aWFHVXJ1R3lBUEZIY21sNUwxa3Z4cHY3VTdRaXpFTmdZcHdTVGF2Vm5oTHVPZzQ5WnVPWlVhWVIyUXNUVWNvOA?oc=5
Android 17,2026-09-15 19:01:18+00:00,Google’s September Pixel Drop and Android 17 QPR1 updates are rolling out now. - The Verge,The Verge,https://news.google.com/rss/articles/CBMihAFBVV95cUxPV2h2MmhIOGRGWUhNbjNOYWJYX3NNQXVXUTJ3VHk5b3ZMTzg0dkJyS2taNU1aZ2hHXzF3UTNDTG1hYkdhamtxMmFoMm5zN0pBbkI3aUlQX28tb09Dd1drZzdTRUpWbzlLZXg0aUsxTGtEUDJkNXAwSTVKZWZGRWtCVEF0S2s?oc=5
macOS 27,2026-09-15 19:05:00+00:00,"macOS 27 kills Time Capsule backups, but NAS hosts still work - AppleInsider",AppleInsider,https://news.google.com/rss/articles/CBMipgFBVV95cUxORy1jRzBfdlppZExwUUpyNnViMzY1VTQ2Z2lMZFpMaFY5OU0zQWYwWnNnT041TVdlc0FXTnFXQTVPS1g2dEFQajZMYy1yY3dLTGhtdDNaRDJsR3EwYWNXS3NmZjBoNkNPdUh1NWozZTJEWkladkt4ZjRuMlM1Mm1zekV2dlFZXzJyaE5FSUZPelFGeU5laDlmMkwwRF9PaGJHb3ZYR0ln?oc=5
Android 17,2026-09-15 19:23:08+00:00,Android 17 QPR1 Arrives on Pixel Devices: Here's Everything New - Android Headlines,Android Headlines,https://news.google.com/rss/articles/CBMilAFBVV95cUxQbzBXWnlrbXZiR1pFOHNNdlBRQjIyZFVaSWswdnEteUxVWEZpZEtPaXNmNXEwNW5UNEFrbDNsM04tR1BqY21HbFJIaGZuQ1RPaUJTY2VMdGZwVmFpRmp6Zm80T2FFZkhVdFoyTHJRLUNoSUMwVkg1UzJiQ1dQME1qZEtFcWFhRjNsUE9vQnJ6WVJPU01H?oc=5
macOS 27,2026-09-15 20:00:00+00:00,10 Hacks Every macOS 27 User Should Know - Lifehacker,Lifehacker,https://news.google.com/rss/articles/CBMihwFBVV95cUxPd2NzNFdaUEVKSEE2bHc2SWtPVk8tNjVpWFgzZXJEdEUxcTdTQ2tyVlptS2ZfQmRQaElkZXE0c1M3dHZrYUcyRTBNOWk5WjRMSVFKbGpTcE5UMm5hQThjM2dmQzVBNk1XWmU4UGt5X1R4MllSMG9aek5JbjJFLWhIUFByMDN6ODQ?oc=5
Android 17,2026-09-15 21:19:00+00:00,Android 17 QPR1 lands with useful upgrades all over the place - Android Authority,Android Authority,https://news.google.com/rss/articles/CBMic0FVX3lxTE1zdEo2UVVaV1UtYU5tQnphTGRSUDY0UGZLdnUxOHg4NUM5dExrYzQ0Vmc2TkNUeDdEc05ESk12V0ZQa2k0MEEzdkNXTnBMRkNSQ2RuemZYRXFXRnF1VWlVdjIwNk91VEc3LUlxUFZQUGc1TFE?oc=5
macOS 27,2026-09-15 22:33:59+00:00,"Where’s Siri AI in iOS 27 / MacOS 27? Here’s How to Enable It, If You Can - osxdaily.com",osxdaily.com,https://news.google.com/rss/articles/CBMiekFVX3lxTE9CbVh4NHJ5V2x5bkdqSE5VZzlQaEt5bzRPYzg3bWdESDlOVm45Y3JWSlEyNGlfaUJJMVVUcS1GaVNsS2NoUWFoNjE1SWZnUmwzV09JUGg3UWY3ZXJDQ2pfV2hRRzVzOURTY3p5X2h6eTJCTm9DaHdSMlR3?oc=5
macOS 27,2026-09-15 23:22:00+00:00,"OmniFocus adds Siri AI support as Omni Group updates its apps for iOS 27, macOS 27, more - 9to5Mac",9to5Mac,https://news.google.com/rss/articles/CBMiugFBVV95cUxNUW8zdzM0ZC05OG5MVkFaLVl0eVBtc2NXVVN6RHkwZmtFOWtKNjRuaTBxemk5aktQNWE0V1pLVFhva09NRTZjQWNEaFE4OFFhUGs0dUNpWEpHc0V4N1FmV0ZfQllJZmsyTmZYdlg4VzJrSy1KNlV4SjNLcWlJZG9OSXFsWnhSV0JXNjBldE9nME1KUlRVLTZzSktWWllGRUc5eWhkSUlmdkdJS3pJQmJ5bjVmb3JqcVkzSVE?oc=5
Apple Intelligence,2026-09-16 02:07:42+00:00,Apple Reference Image: A New Approach for Verified Photography - Apple Security Research,Apple Security Research,https://news.google.com/rss/articles/CBMiZEFVX3lxTE5IaU5XS0p2Y1lYd2V3RnZ4SmJDZ3dXaHZkRGlXUFVvdTVNS2lHWmNxd0Vvcllfc19LcXROakNrRW13U3E0c2ZnS0pWNER4R2x4UmJXaV9fZXVmbHdiWWFvSXp3Tkk?oc=5
iPadOS 27,2026-09-16 04:03:17+00:00,How to make a Safari extension by describing it in macOS 27 and iPadOS 27 - The Mac Observer,The Mac Observer,https://news.google.com/rss/articles/CBMiqAFBVV95cUxNdmgyZ01mVmVqN25ySEpkMnlzYmlqM3d6NnV2MjJUVFBISnEzNDRfeXd1aU5SLUwxdXBkU1Bub0JJcWNMQW9xOVdoQUlxOXd4NlhvSlk1LVBmY3g2d0gxRjN4UUlkZ3Q1N0RUQXNYNUJ5RkpRRmlFWmFRdEx2RjlXeXRDeUlOc0JBakZUUzZhSnZEU1FFMThtZ1cwSm1OWFFFZjlESDhXQlk?oc=5
Android 17,2026-09-16 04:26:25+00:00,"Android 17 QPR1 Drops: Top New Features, Customization & UI Changes Explained - nokiapoweruser.com",nokiapoweruser.com,https://news.google.com/rss/articles/CBMijwFBVV95cUxQSG5FUF9hU25wdzRVSVZMdmhnRkx1a1hnaDZtSm8tbk5sSW9RaWdGMWI1VnNnUjhVS3RZY2VxVXNMenVrYzBNYzdnUXFtck9aX1dMZ3FlX1dsZ3F3aEFkRnhjNjNYNlFHZHVlUnpmNUs3eGgxRzh4WE1QVW9LWW9YTkdmSnFnNm5oeWZ2N0dZdw?oc=5
iOS 27,2026-09-16 04:28:07+00:00,10 New iOS 27 Features You Should Try Right Now - PCMag Middle East,PCMag Middle East,https://news.google.com/rss/articles/CBMiiwFBVV95cUxPMHhZblNjZm81bFgxUWtPdWxSLVRSTGV6TUozRHpoa3JkOG1wVDZ0ZHJfUFdLRFQtZUZUSHBGOEJKWC1FU09mNFczLWttcGlZMjk4dWl2NElGWVU0MDlrQXNBZ3BjYURBOS1BNXdhbXMwRXlLRGFUVk5VRTduMS15RlA2WG54TF9uRlZj?oc=5
macOS 27,2026-09-16 05:13:12+00:00,Apple fixed over 200 flaws in iOS 27 and macOS 27 - Korben,Korben,https://news.google.com/rss/articles/CBMie0FVX3lxTE9tbzRZcHlydWxFOWY1V2NLaTVZRmVUUnRhQldzVlVURUZ2Mm1kV3FpNDZNbmF6WTU0WnMxQjBZc080M2ZRcDZQNFhGcHZ5dExEaE1hVEw5VEtUWFF4WnFYNTBhSk40SDNvWnRmc1pyVVFMZmhMbEVDXzRyNA?oc=5
macOS 27,2026-09-16 07:00:00+00:00,macOS 27 Golden Gate has arrived: Here’s what’s new on your Mac - macworld.com,macworld.com,https://news.google.com/rss/articles/CBMiugFBVV95cUxQa1lVQy03clZsdTBBYTBrSHNTNm9lMXNmemtsYm5EWjJaZVY3R0dYSWhkei1BWVlKMTBqY3hySXBRbXZIdG9EcGdzb0V2VHUycURkbkg0azhUbzBzcjdVNGFpUGNtT0NCd3RCRndjdWc3QUZiUncybF9CeVM2em1taEhqcmJDOVJTR2hTdVZKaExqcVkxU3F3YjRoSVc1N3ViZDNHdFAzNkpqNTlkYmxUcG9IME5IajlRbHc?oc=5
iOS 27,2026-09-16 07:00:00+00:00,Why This Single iOS 27 Feature Turns the iPhone Duo Into a Pocket Laptop - PCMag,PCMag,https://news.google.com/rss/articles/CBMipgFBVV95cUxNdi0xUDhhdFhGSklxYVJsVGtNY3loeVp1aFNCY21oMHZRZVBtcjNoTUNxU0lpcUN6QnhVUzBESHlpeUFnV1A1UnRwRUFEbU5KX3g4ZFBoSGhNcUI4d0lhZlc1R3pNRW5vZURSNk5IdTJ1MnRJMU45YTJqTjFRcEl2ZVZzM1pGeEtCSnhSZUFIemFkMUdZcFlaaUFzSjJJRlpPLVl2dExB?oc=5
iOS 27,2026-09-16 07:00:00+00:00,iOS 27 has arrived: Here’s what’s new on your iPhone - macworld.com,macworld.com,https://news.google.com/rss/articles/CBMilAFBVV95cUxPRzdMbk5qSlBZSEs0TDNDVm5uSjZqT3B0aEpBaXhCdE9TQS1kOEhHNmNPZFZLejJIWHVWU00yMzZKS3lERndQb2kxekNGZ3VnbXRjamdlSmhmb1lHUUYzd2c2d3VDdEEweXBySVF1UHhZaDFBNk90cDJsT2MycEtvR0RtNHQ3a0kwZzJyd2dRWUNVeU83?oc=5
macOS 27,2026-09-16 07:00:00+00:00,Apple’s next Mac update is already in beta – but don’t rush to install it - macworld.com,macworld.com,https://news.google.com/rss/articles/CBMikAFBVV95cUxQc1g4UkhuNG5YNjV3ZmFySDNrUTZaTkdKU2J1Ymx4QXlBamlIWlRsbjVwcHV3Q25NQS00RS1Dakp4cXRnV0hmeXE2SlotUndYUWNLZUplZEhKZ050UFpOUWZjZ0NwbjlHNFpKLUc5OWlaRnZNNXBpNjljR3lUUDBhN3RhaVNCbk1kcjM1cFNzM3M?oc=5
Android 17,2026-09-16 08:39:21+00:00,The day Galaxy S26 series owners have been waiting for since May has finally arrived... for some - PhoneArena,PhoneArena,https://news.google.com/rss/articles/CBMiugFBVV95cUxOcHNTczRuZEVmbnQ2bkE2R1V0T0ZSa1RtckNlVVk1MG9mcWE4NS01NlhFX2NMd2MwUXhMbWpzbzl5RHBRV1pUb2c2d0JGTDVrQm1FbXlIQW9mVHBURFdzUUNweGw1S2JNcWxoYkhXUDlNNk1IUjRTNGpKc1BBaDBpd2hLWGVPUFdJZlloYVd2d3lIN3NicDF6YlExd1Z5M2hyTTJaZUJudEloQktoUHdLbXNpTmV0Vml5bGc?oc=5
iOS 27,2026-09-16 09:57:00+00:00,Great news for sneaky people: iOS 27 lets you secretly hide your location sharing - Business Insider,Business Insider,https://news.google.com/rss/articles/CBMijwFBVV95cUxQbkFKaGJ0ckZOUUZmOTJfNWV3eVZhYlBuRG5WSXloMUs3aHZfb0JTZE9PcjA3Q1F1amdWeUcydF8wV0RSaXVwNDlRTzM5aGtKX2ZqVm0wc0xwOHVTZUVmR2RxbDd6WFJoRXhOeTVQZm1qRTdINF9QSkZQTGJ1am1pR0ZPVEdQZTdxM2ZoWVNxYw?oc=5
iOS 27,2026-09-16 10:30:36+00:00,iOS 27 is driving my fingers insane - macworld.com,macworld.com,https://news.google.com/rss/articles/CBMiiAFBVV95cUxNQjdORk9YUDZldGE0TVRyRXgxcU9VT0ZCSFdkc05KLTAtOEtGVHdwaXkwNWF5YW1pYk1CNlRGQ3RTMWxxWEtWbFdjVDRBNFEtNVBfd1o5ak9zRUdoY2ZzZmNkMkJPODJabEN5dlhQbmVTMkFydHQ4QjRlZTlnNGFTS3NhRy1JS3hj?oc=5
macOS 27,2026-09-16 10:38:12+00:00,Reminder: macOS 27 Ends Time Machine Backups to Time Capsule - MacRumors,MacRumors,https://news.google.com/rss/articles/CBMijgFBVV95cUxQT2hxckR2c041OHljQVFCa3lMY1NseGV6elNlR1pSR0p2T3BoTWF5WUd2V3JuQ3pBOHRQU2ViaGhZM29mNkVjUWdjUFZkVzZWbV9lQXM2Y1h5YkN4Mi1yWkFaNHV0dVdLemhrMklyekxSdWZGOVE3eVVMcU03SmQwZnlYYlc5SEJSNVllNy1B?oc=5
macOS 27,2026-09-16 10:56:34+00:00,macOS 27 Golden Gate: Will It Run on Your Mac? [2026] - tech-insider.org,tech-insider.org,https://news.google.com/rss/articles/CBMie0FVX3lxTFA1cTNOWUZ4bVdWZTJXZkpBYTJKY3ppYkxTdENUR0UtVElaeG5QWUI5Y3FDbkMyc3Fza0Y0empqLTUyUjZLc3R3VjhNdG9PYk5KWlpYaFZackY5dE1Wc1RHQWtHMlFpaTh0WVRudHowSUhBUkhtNHJXcExRYw?oc=5
Android 17,2026-09-16 11:03:03+00:00,Android 17 QPR1 September Update Brings 20 Bug Fixes to Pixel Phones — Here's the Full List - Android Headlines,Android Headlines,https://news.google.com/rss/articles/CBMizwFBVV95cUxQTHdFZl9CandyWXFOUkdocy1SSzRrcGRVbzU1S1ZtcnhkVThIWHB2N2Z6Q1VwdVF1em1QUVdjN2FoV0VTWXg4RDJWeHZmVURIZ21DRkFRZkpERnhPTXg0VkNneWNXNk1jVVpTUGdiVFdqY1ZoSnZJeUJfMm1MMkZYTHNmeE44ZUhPbnJGd0JxTGVlUGhmMWJPdzRMZ3gtX0w2ZlZLMUU0V0FjXy1ZZXY2X05IZjB0MWZQOUhPYmJRYjJSdXZ0T05QZmk1NUFiTVE?oc=5
iOS 27,2026-09-16 12:23:16+00:00,iOS 27 is here: 10 iPhone features you’ll want to try now - Fox News,Fox News,https://news.google.com/rss/articles/CBMifkFVX3lxTFBXRGF6UEQ3MEEzT1pVdUU2R3RqUDFtMlQzcnN3dEFnZGJOdkpNV1ZSZ1lBZmhrTno2OG80dGZmdzVZTWQ4NUR1ajdrc1owY3doSlVFV2plSmFpVGN6bndncHdhWlpaWjJTRHFsbkZLekJfRXM1ejFfTHRzNng5UQ?oc=5
iPadOS 27,2026-09-16 13:06:49+00:00,iOS 27: Customize Controls in the Camera App - MacRumors,MacRumors,https://news.google.com/rss/articles/CBMickFVX3lxTE44VlRaNUhQaWpwZFZiRl82VGZrLWZJcGRyQ0xKMkswdl9rcE5rb3hPcWFYSlV6RFBPaHJQYVk2NU1BcHU0WlpfcVBDeHRadFE3QlpIYlNsa2tsV01BbDlwRm91WXlGUnZwdjhMV2steWxCdw?oc=5
iOS 27,2026-09-16 13:28:00+00:00,iOS 27 adds three new iPhone features you’ll use all the time - 9to5Mac,9to5Mac,https://news.google.com/rss/articles/CBMilwFBVV95cUxNY0tJdnNVYmJKcy1VS3lURnZIZEoyRnhRXzgyMVJ6T19Vbk9JYXplYllqMEczQ3NNckdiQ3Rta3hOa0RRSHY3NC1hcjF1ZXFiWHRkYjRRdkNuVXVRaHhQckFpU08zb08xTktDVDU4XzkyRVJiMmlHRTJZMWxUYlcydk0wekZMeU41VjI0V2swY0RscFJYVy1J?oc=5
Android 17,2026-09-16 14:10:00+00:00,"Samsung starts rolling out Android 17 with One UI 9, confirms initial list of Galaxy devices - 9to5Google",9to5Google,https://news.google.com/rss/articles/CBMif0FVX3lxTE5PUm8ydnljRmw4RGJSQjhqRVoxWWI0UHJuRk5Eck1fdkRQWFYwcldDa1N3RWhleTBEVXJ3c3F3UXV2LS1pU0VKdVNIdWNRYlBqTFlCeTEteDdtcXZreU9pRzdHSm9aeGlhYlVfQ0llaGFyakNCU1JaeHZzaTVza0E?oc=5
iOS 27,2026-09-16 14:14:00+00:00,"iOS 27 adds scam-prevention feature to iPhone, here’s how to enable it - 9to5Mac",9to5Mac,https://news.google.com/rss/articles/CBMiogFBVV95cUxOSnFWMlZ3dk5SWWMwRmhVd1hoWmdQZkh4R1VIaHBvalMwclpYUjAwZ0dQNDJfZmR6aERPMWdlTUxjN3dILUVLcEVaYmlkX0xXZnhXUzBmQlZ4TWJDX1R1RnhMSV9BR2hDYVA5OFVPQ3dxTzNJRHRJSjRZZl9HSS1zcXExQXBzd19SeEI4TV8xN0RvRXZuWWdMTjlZbTRodnk5M1E?oc=5
iOS 27,2026-09-16 14:31:53+00:00,iOS 27: Use Visual Intelligence in the Camera App - MacRumors,MacRumors,https://news.google.com/rss/articles/CBMifEFVX3lxTE1CTG5OMVdFclFkREhNTDhIMmxMdTNQSWxGLW1DYzJ0d3h2Um9neEw0dUlNMzlPanZOSEs1NE5RM19hUmtld0p4WlRIcFIyY1ZJMUMtX0dXTEVHZ3ViQ0hYSFhYR0VJalk1YlZaSE55S3JBNlNvYlppNThJVy0?oc=5
macOS 27,2026-09-16 14:50:06+00:00,macOS 27 Golden Gate: The Ars Technica review - Ars Technica,Ars Technica,https://news.google.com/rss/articles/CBMijgFBVV95cUxNSmw5ZUF3NWE0dS1yaDJNLS1GdDdLZmpvaGRETUxzSHd5a2JreFJQNjdsd05YbG9yWUttWGNoaHlJbTdfNGtrcXhUNWc5aVBMbkdMekg5Rjd1MUxkVUxBUml3WnhvRXNtMFd6ZDVQYW5qbm95c01MRXk3b0dQOTExZFctTGFxTUREYVJZUjhn?oc=5
Apple Intelligence,2026-09-16 14:53:46+00:00,"Apple outlines steep AI usage costs, and it’s probably going to get worse - macworld.com",macworld.com,https://news.google.com/rss/articles/CBMiuAFBVV95cUxPWDl1T3JvSVZSeEowX3dSZFR5ZEpEOGxJUkd0dklaZ3c0QlItSjA4YTg1MnpNUGZjaTVjNjFOY1ZXdW0xckREdlktNUstdHB6QWJDSllDVHNUNVJHaUhHOURDaktTYnpLd2p3YXQzQXI5d0hvNVZLbmIxYUdRd0hLNlI0YzJ5VHB6MDRQel9UdzdSWmtOVzBIQlZBbFJLREw0OFF2SEFiRS0yVGpzSE5pSkFVZ1ZWRTRh?oc=5
iPadOS 27,2026-09-16 16:04:09+00:00,7 New iOS 27 Features You’ll Want to Try Out - osxdaily.com,osxdaily.com,https://news.google.com/rss/articles/CBMiggFBVV95cUxObk1QY2U5QXJEYjlJYUhCQ3ByMFhoN1gtVGhUUWc5dm1VYTBpdllWbXFELW94YU5aVzFTS1JSaHdkakVqS2hxc1hNMng1TG1tZjJqSUQ1Znl5OUpEa0VkMFBpNUI1ekdtUDN3V1VUQkt2b2poc2VtOVFkV1lzZElNTjl3?oc=5
iOS 27,2026-09-16 16:09:00+00:00,Apple Weather adds two convenient new features in iOS 27 - 9to5Mac,9to5Mac,https://news.google.com/rss/articles/CBMikgFBVV95cUxNeUVWeTNHM3FuNUhtVkVXc3BsbzEwaUFWYld2VDB6STZJWlZpaW5mTVd4bnY2UDNFTWNoZDk2R2FCSWQ1dXBhMnlGU3huWUJQRDV4T3FyZ1RmWElTZ3J1VVJyQkxGLWFtcUg1bHd5V0NrcnFWUDZTMG9NbFBWWG5mWFFkdnNHbzhLQnFMcjhIaGFNQQ?oc=5
macOS 27,2026-09-16 16:50:23+00:00,macOS 27 Golden Gate closes the door on Intel Macs - The Apple Post,The Apple Post,https://news.google.com/rss/articles/CBMingFBVV95cUxNMzNnRElId3Z3YlNqdllhblAtR19fM1F2bUVKcWlKelJDNXRab09DaTFicS1xUjlXXzh1M05EemU1QzB6U29FczdFeHZjX010b0RMaTNDa2kydGhrcVRuX1BGRmtQN3Q2bjJoYTlzdmF3TzNiVU5RTEZMS2FfdmlyaVgySi1PZXh4Z2R4MEJhVkNiVmVoS1RXZVRVSDdiUdIBowFBVV95cUxPQ0c0OW84SlZJcXdVOFVKMmlnS255QlpCOG9ERUNKVE95emU2NWlGTWNoUS1fYm94ZVNpdWJHRjAxX1RxMU9TRERCRmNDdUhGel9ndUFYaEpFX29TdFRPM0E3M3Vzc0tDc3FyTGRLR1JrTHZhS2pGWTFCUWhpakJ4YzE5czcwQnJZNFJCbnlxNGV4SUtuOERCbFRDeTZseXd5REdB?oc=5
Android 17,2026-09-16 17:00:53+00:00,Google's Latest Pixel Drop Could Help You Break Your Doomscrolling Habit - extremetech.com,extremetech.com,https://news.google.com/rss/articles/CBMiqgFBVV95cUxQNGUtMWtBbHdIOEZqUGtsdHJiNDk2S0JmYnJnSkxkdXM4LWJnVzMwZHN1QUdqTTVaZC1nSnZUMXdqbmtCOFFRTVNjY2hKZTl0MENCUERyelVqb0tESEtaN055VjFrNmlodnBNNC1McTlQYUczSWJRbU9qNFhhRGFyaldrMTdUamhISTdKdVhCSVdta0ZvZ0dNOE1vY3lYanI3WW9jcEx5cFB3QQ?oc=5
iPadOS 27,2026-09-16 17:13:00+00:00,iPadOS 27.2 beta 1 now available for iPad - 9to5Mac,9to5Mac,https://news.google.com/rss/articles/CBMifkFVX3lxTE95SUZNSk5NRFRSSmN2MlBXUWQ1dGIyVW8tOXgzSGVZaV90UG1kTXRYMzFreFh5eG41eU1oUlhadmF3ZW1DYWhxOUVpaWFfUW8yWkNONkxVeEdGcEZQNmlLWEozZXZMUG01OU5BUGJKV0YwTGJjeGgtQ0R0QVBRUQ?oc=5
macOS 27,2026-09-16 17:13:00+00:00,"macOS 27.2 beta 1 now available to developers, here’s what’s new - 9to5Mac",9to5Mac,https://news.google.com/rss/articles/CBMimAFBVV95cUxNVEpzU01pUV91MExZMUlRRkpPSWctbGVzSmdndWhuMUZDbUpjRTgxVkpUSk1yakxKT1lCLXd2eG1jUFJNU0RrNW4ySkRjaC1TTzBqVEhlUFVzcjR2WDVUcE9xeGVJbU42NktKd1BWa19UcU1PQXc1Q3JXNWxqUGVPQlA4N3ltd3FtS1NJbnlQWXdfOEs3M3dLeA?oc=5
iOS 27,2026-09-16 17:14:12+00:00,Apple Releases First iOS 27.2 Beta - MacRumors,MacRumors,https://news.google.com/rss/articles/CBMifEFVX3lxTE1DZUhPY2hFU3gwek50MDJnQUN0NHNFTmlGSkgxcDd0SmN4cFpSMFIxLXBmY0NFMGJrcV82eXNaTG1PbGJUN3FpNWowTEVkRG5FaEo4TkQ1WTZhTEh4UVc5di1VUVlMMnMyb1RwMkFVcC00bnVoUWlITnZJcTI?oc=5
macOS 27,2026-09-16 17:15:52+00:00,Apple Seeds First macOS Golden Gate 27.2 Beta to Developers - MacRumors,MacRumors,https://news.google.com/rss/articles/CBMiekFVX3lxTE9jWnhMTFoxb2JLOUFmZms1Ykg0VXBxRjlBMUdrMUNob3hTeEdkXzJjUGEyaUZfamVNeXo0Vm56TThRZEFnNTdRTGpPOS1MbjJxYWRsTzNvZzhtN29aeEhTNDFsaFc2Ynk3ZnZHVFRKTTNzSjd6WnctbzRR?oc=5
Apple Intelligence,2026-09-16 17:32:24+00:00,iOS 27.2 Beta Previews New Apple Intelligence Health App - MacRumors,MacRumors,https://news.google.com/rss/articles/CBMib0FVX3lxTE1YQk9LNllYT1l0dmlrZEdDY0hzQkYwam9KVlVtUTFqR3VPbXVMMWRWazBnYnU5bTJBemt2VnZ3aVRXU1NWaW5hRjM0QkVmMkRDeDlacVgxNjVYRWM3U0JSemlQU3hUckR1c2pNRXl3WQ?oc=5
Apple Intelligence,2026-09-16 17:34:00+00:00,"iOS 27.2 introduces Apple Health app overhaul, here’s what’s new - 9to5Mac",9to5Mac,https://news.google.com/rss/articles/CBMimAFBVV95cUxQeXdiRHBtMlpIc2FFOVhiVmFleWl3S3ZnNjRjVHJ4TG9ocDBtN1FabHh1TFBGWmtwSElRSVpIR2hIQmxJNV9XUDRYUEFvQnVRSTZmbTVQQ25ld1JhX0VxVF9uTTMwNFJPT2ZCaG9CUXJSS1pKM3lZUWI1eDBCWHoyaGpEeE9qU1NfMV82RUJMQ01lUUJ1VzEyNA?oc=5
iPadOS 27,2026-09-16 17:34:01+00:00,"Apple releases first developer betas of macOS 27.2, iOS 27.2, iPadOS 27.2, watchOS 27.2, visionOS 27.2, and tvOS 27.2 - MacTech.com",MacTech.com,https://news.google.com/rss/articles/CBMi4gFBVV95cUxQdEs4cS01WmN4N3pzNzJfdzhCNzlmUHZTSUlaSHM1d3FQUUVIUzNjTEJMZnB0UG1GQk9xb015NURYS3Zxd2IzclV3WnFyckY2LXk0UUtmbFdSNEtwRXdfNHlCYmRKZFRIbVV3cDdIclV3ZGZLdFVQbzNPVEZuOU5mOHoyYzhfcVBpS2ZSMUo2Y0kzZklnc3VQWG1rdmFiSXRBQmxVUnJBNzgwNWlvWDJIdDR5dXZNMW9hSHhEVWpSc0lIUWF3ZDJhSWlqazRFWFJMaDE1OEd1cVh4RFpYdEIzQnFn?oc=5
iPadOS 27,2026-09-16 17:44:26+00:00,"First developer betas of iOS 27.2, macOS 27.2 are out for testing - AppleInsider",AppleInsider,https://news.google.com/rss/articles/CBMiqAFBVV95cUxNWFIyeE1YZF9BdVZNUnZEaHlsd2VER29VN0ZRUUxsY001bUdhN3NGTFdtMWhxcTZieXhZMnp3TEdXYmVuTlB0cmRXdHdIempJWEtmVVJ4OV9VY19kaW5VeWRPTUhvYTcwY0twZ1k2OFQwN1ZMMWtRb2ZtaHJMbkl1U013ZlZ0OTZXNS10ZjJ6ZkdjV0w4S2NxOUlMSjZzVnJqSkJ5SkJRWUw?oc=5
iOS 27,2026-09-16 17:53:09+00:00,Here's Why Apple Just Released an iOS 27.2 Beta Instead of iOS 27.1 - MacRumors,MacRumors,https://news.google.com/rss/articles/CBMiggFBVV95cUxPaHRLM1pZVjNDODZUcFEzVzdXNnNLR0dLSlFzVjBoakZrQS1xalhHa2ZMTV9zcmg2bUZQa2xwM3BCZVdWM3RPZ1dDdHhjcFJBZ25MYTBKN1lpRHl4azRPeWo4WHA4eUZXWC02Q0FFSkNjVko4a1lUUDN4WHZpZ3ZkUk5n?oc=5
macOS 27,2026-09-16 17:56:24+00:00,Notice of Applications Software Used with “macOS 27 Golden Gate” - Fuji Rumors,Fuji Rumors,https://news.google.com/rss/articles/CBMilAFBVV95cUxOQWFNbU4tVngxR01qWnFFSHo2a19wd0E2WUh0NGRLQWNEQ1dyZF81ZE5qX0s0dENRZFV6eC1XYUlJcko1eGhNanRNcGVIQ3BmQXU0ZUJCRjNIY0dQaVhCWWkzLTY1TnhFWnVtTDM1dnRkdWtoMG5sYjMxRVYxWHZBbnlSOWlwN3l2SWhWLW1sbkYxNG9W?oc=5
iOS 27,2026-09-16 18:09:39+00:00,"iOS 27.2 beta is out now, skipping over iOS 27.1 - macworld.com",macworld.com,https://news.google.com/rss/articles/CBMimAFBVV95cUxNWGZ6d3pKak00cXB2cnRCOEZtS3RrWlNfOElWNjhWNGVqZUw4c1BqTFUzLXNYQkUxUWV5R1A5bzhMc2tlNnI0WmtZM1VKeVFrdmtkdFpPU2NPekFTR0tVQmtDUFFxcGdBTHdmSDlSaEpUZm0tcEYySFNHQU5LUWl2ZWZyTHVNV2l1QzhrcEEtVmxrTEc1SVVIYw?oc=5
iOS 27,2026-09-16 18:17:00+00:00,Why Siri AI Isn't Automatic After Your iOS 27 Update - Business Insider,Business Insider,https://news.google.com/rss/articles/CBMid0FVX3lxTE1paDUtRlVrRmp2a0wyemZ0ZUx0Vk9uUVBsLWhwLWhGQ2lweUdkQVF2MDhvMlNiMmllQlFIOGhYSU1TTDZDZHpYdE5HUnRITUVBYVBkcWpXM3dwV2pBM3hiLU5nbEZVTGNOQkNpVHNJbUJ5QXN6LWZv?oc=5
iOS 27,2026-09-16 18:22:00+00:00,Everything new in iOS 27.2 beta 1 so far - 9to5Mac,9to5Mac,https://news.google.com/rss/articles/CBMib0FVX3lxTE5KeURwQzMwSXhZbGxWTTl6YnVHQVlVMkNlcTFyY29XMjJFUDNOWU0wYS1uX0tUOFhYeEZGcTB3MVlHTHNOUU9QZGh5TnZ2eXN0aGRXRFIzUTg5cmlaMFBxUzR1bFBCQ1NfdlRPa1RqWQ?oc=5
iPadOS 27,2026-09-16 18:25:29+00:00,"Apple releases first iOS 27.2, iPadOS 27.2, watchOS 27.2, tvOS 27.2, and visionOS 27.2 betas - MacDailyNews",MacDailyNews,https://news.google.com/rss/articles/CBMiwwFBVV95cUxQUTlfaEZjSms3bEs0M3Z0M3dPUGxPWkxpMHliZG5ySUwzcnh4T1BTaV91alpMNlFrQ2p1ZGRGNHJiWV93eG1OZ1llVGxfZVIycDJxaU1yTHhzZ1BMZjRyWVpMYWpPOUxjZ1pPNmhnRU9hRzdjbWFXMzJQWkVHMUlvS3pZZlhscktEZ1AzZVJDOVdpaFhRN0V2S3loRzduVC1WQ1U0cVpRWmwwWDFuUnQtanlIcF9PNlVoQ2tUMXE3SHdzVWvSAcgBQVVfeXFMTnkwamtfQkJLUHNxY0pMODF3YTZGRVFtWkhMVUNpMmZrdmFWbjc4OEdrNFVaZWNHTnllbHdQaksxWWJLMFFEa2ljcHF1WUxldFNMcnotZ1VtTUhHWXBHeFZWakxGWHVDek1MblJpUXNWb3dnaVZnYUVmVUJrVU1JekswYVI1V0UwcU9iRjgza2J5TndYNkN2LXFMQjVScnNIUGVOREIyRWFLaDE2THgtdU9CZWVfRGdURVM5LVY2dVV5bWhHd0VZd2c?oc=5
iOS 27,2026-09-16 18:31:00+00:00,How to Remove iOS 27 From iPhone Without Data Loss 2026? - Yahoo Finance Singapore,Yahoo Finance Singapore,https://news.google.com/rss/articles/CBMigwFBVV95cUxPOEgzaUk1SXpRdXgxSm9kUnh2MjNjdXlXaDF3SDBBaVRUcVhLT0gtb3B4Z29BN2xzQ3l5aFNZTUpycUJTRnhnTzg4SC1NcjdSMGkxTzZ5ZGpGQWljRmRuekdjMmtXQnJYWENER3dpenJQdjg2UjBCcVR4TS1wbFpfREk3Yw?oc=5
Apple Intelligence,2026-09-16 19:07:23+00:00,Apple iOS 27.2 beta outed with new Apple Intelligence Health app bringing wellness advice beyond the data - stuff.tv,stuff.tv,https://news.google.com/rss/articles/CBMiyAFBVV95cUxQMU1yUWhWdWRPOHJVOXZucGtzTkdwY2ZBN0d4Y2ZMWGZneGJ6ZmptcnotdmhRV0x1T19kLTFVeElHSDlzZzA5WFBMVWNYSWVPUHFLbzU1NUp3cFZqWEpSUXBIOGRKczludFc3aDk5Q1dNN0hhckRLbWNENHpGcEFlQnZFSmpsZVRndVNVaDNTUWdsSVpaeFlLTVZNYTJyM1JobW5ZSndkVFBDcGliYmxHU05CZHFqOTM3ejNmNXE5dms5RXU4eFlOcA?oc=5
Android 17,2026-09-16 19:15:13+00:00,"Android 17 just unlocked its own version of Handoff, and Googlebooks are the reason - PhoneArena",PhoneArena,https://news.google.com/rss/articles/CBMiwAFBVV95cUxOX1I1WnVfOWpoRXhjbTVHdWZ6OS01NVZ1TkdwUGtKbF9KamxhbV9SbTZMTDVEdi1GRC1jUmNFZnpveW9PeXNhaGZwclVxcm9CS1JBRk5ha0xIS2dTVS1kVl9nYWJuWVhoYlozM0ZMVDFtTXRTdkZvWlBVSUdnaXBYbm1na1c3VEpLVmVNS0FNTmhKekRpQmVacmZob2QwaWxTOGF2Yl9BRlp6YVJNT2NaRUQ5T1ZWUlFIYkctYTc3aHk?oc=5
macOS 27,2026-09-16 19:16:07+00:00,Why Apple already started beta testing iOS 27.2 and macOS 27.2 - Cult of Mac,Cult of Mac,https://news.google.com/rss/articles/CBMic0FVX3lxTE5OTFUtMmxMREZZSDYzQUJDTEdzVEFuYnVldC1WX2F2OU51RGM5STUxS0ZpaXQxRWxIUG5COWtvbWZVeWhzWnFFVk5RWGJHUnBHREk5TzJSeHFkalpMMmNyeTNvc2xzeVpIeW4xblB5MjRnWVU?oc=5
macOS 27,2026-09-16 19:29:00+00:00,You Can Install MacOS 27 Golden Gate Right Now. Here's What to Expect - WIRED,WIRED,https://news.google.com/rss/articles/CBMib0FVX3lxTE9oOXQyWUozWTRFSzJ5T1hPQ1d6Yld4Wk03WFNTNzFjbUkwci0wTDJhNHZtVEpHZndUWjNWU1JZZnRRUEUySGdiSGV0S1hwMlhUMkRGRDFEcWpaWkUwSHNIRHhmdThGeTVibXBibWd3VQ?oc=5
macOS 27,2026-09-16 19:32:51+00:00,macOS 27 Golden Gate system requirements: will it run on your existing Apple Mac? - stuff.tv,stuff.tv,https://news.google.com/rss/articles/CBMirwFBVV95cUxNX1FKMDNkR1BLNmV3UHBfbkxlSXA5STYxN1VBX1Q1VGowSUlXcVFJeW56ajYwV01jTVVSUlcxT0VVZGVPUmQzN2NUVjlpTG9rWE1QM0trRzRrR1ptMDFUc0p4UEhVYWthalNfTnBuZDFfbzRHZ3dnczR4dWpZQmZZZTZlOUhtYXRNNG5ubk9GYlB2TWV4NmFSOHluZ0I3UjZleUh4Z25iNklqTzY4QzI0?oc=5
iOS 27,2026-09-16 20:08:46+00:00,"With iOS 27, Apple Is Laying the Groundwork to Paywall Your iPhone - PCMag",PCMag,https://news.google.com/rss/articles/CBMinAFBVV95cUxOeGUxR09nX2RHektXSEZaS1JNc0VZVUZ2ODhTOXFQZkU5VzFLTTBRel9Wel9hX2MwTFljNDgxQVNxT3hvNWNrSXhUUXluVjlLc3JCWVFsS2FLWUp2QkRyMTV1Y0NjbmN4aDVuMjB3dnVDSUhiWDlmOEkxcm9MbkhpR2d6VWIxMjk3VUhlTU1ONXo5RzEzZTIwSlVVV2E?oc=5
Android 17,2026-09-16 20:19:50+00:00,Android 17 QPR1 Added Really Sweet Vibration Patterns to Ringtones - Droid Life,Droid Life,https://news.google.com/rss/articles/CBMiqAFBVV95cUxNSUp6a3hoNktjek10WDd0RDI5aUJmT3owOHItS1pmMmFwOHVUYlRudmVUQkpJY2JLQ2d0RWtwT1NOM0hHMDcyU1pZM3pOd05kNVdGc3VPZFJteW5lVVpLZ2FUX0pYOXUyRXJZTXYyOEJTRjZENVlocWtEeVJleHNGTWJMdktoOW44d25vblc3X2E1d3YzdGZmd3Ywei1iLUZVUGExcnNDRnM?oc=5
Android 17,2026-09-16 20:31:44+00:00,Android 17 QPR2 Beta 5 Released for Pixel Phones - Droid Life,Droid Life,https://news.google.com/rss/articles/CBMikAFBVV95cUxOYnRBMXpMOUFxcGNMT2FzelYxNi10a2xJQjlJelAyMXJ5VWZ2T0lyay11NGVSSnJaZTFUUkNxRlNUMTB1NkR1dkdpdlNlVC01akQzSXZpanlqZEhURk9XejI4Z0owbm84N0tFakdjaDFqYkxWcDczb2tiSU1xV2VhczZUc3pLZzBDQmtEa3pWOWk?oc=5
iOS 27,2026-09-16 20:32:46+00:00,iOS 27.2 Could Save Your Marriage - MacRumors,MacRumors,https://news.google.com/rss/articles/CBMie0FVX3lxTE1rb2paRk5GVXdyZkJIY3BzbnVlaGViLU9RWnU0OFpNQl9aX3g1aU44alR1QXV6Xzhab0p3ODM3cDVSZS1KZ3gyZmE4SV9WZlRiOTJUNXJWMTI3ZkFPUjZ5NjlIQzA0djZBT0ZXWXNOczdGS3dMbUxQMnVvMA?oc=5
iOS 27,2026-09-16 20:38:00+00:00,This iOS 27 bug temporarily freezes your iPhone … and it’s going viral on social media - 9to5Mac,9to5Mac,https://news.google.com/rss/articles/CBMiiAFBVV95cUxNd0VfOXdLUU42Z0FRV1NrMEF5RS1uYVlPSTNscmxJNjBPZDJ2Q1laUmdPU0FOaDVOQU5jYXBXWG1WMi1XU1dNd2I2aFBOeklXbURtM19vT3NacnhqT1c5enBRXzBlSlc2bzBkdnY0Y29nNm9kMDBvWGVRcHFtNG4yeVRWT1Jha2Vp?oc=5
Apple Intelligence,2026-09-16 20:49:00+00:00,Hedy Adds Apple Private Cloud Compute to Its AI Meeting Assistant in iOS 27 - GlobeNewswire,GlobeNewswire,https://news.google.com/rss/articles/CBMi4AFBVV95cUxOaE5SRDJsZ290a0J1ZDhGU1ZVLTV0NXI2N1lxcF9JNV81Z2tUSGVUSENyeVVtRGhqX3hpVUxrZDFyTG5CVVUwS2U2S015eGwyWGVYUE1nUDJ2aXNpMlJWUmNJSFBtNDBINXQ5cm43dTIxS1lUVDlqaVEzUFZsUGd3cVNYdnJ0LWpNYkpfeGtLdEdZTV9WT1FCQkRsaWZNcHZtVnQ2NFRCbkh4dmVmMEduRmdfWTBWX19hc1N0ckw0QUpfdFk0STQ0c09sS3EwMmNlemk2dWx1alRjQUlqdDVuNw?oc=5
Android 17,2026-09-16 20:54:00+00:00,Google rolling out Android 17 QPR2 Beta 5 for Pixel - 9to5Google,9to5Google,https://news.google.com/rss/articles/CBMicEFVX3lxTE1ySzZOVkp5Q1MzQzBUNUFDS25fN3hYN1JyNlZqTEFzTEt1TnA4RFpGYkhXSVhnLWNGMmRtdVVNRjNXa0IycEhfRDU5Mm9feVB4S0pSLVZqRTJnWkIzNkNGclI4YmVONDgtUFpxYlNQbmw?oc=5
Android 17,2026-09-16 20:56:00+00:00,Google doubles down on today's preview builds with Android 17 QPR2 Beta 5 - Android Authority,Android Authority,https://news.google.com/rss/articles/CBMickFVX3lxTE9kM3hVVEE2VEVFUzIxNzQxMGo3MWpnYkFzZ0Ztd1FkMHp5OEljS29mUEpqeGdTTzh6cl9vR2lIc21LeUFFMm5aSmVJWEdNdVI4SndodnZSZG1qa3NKeHJIMkxUcVFxQVIwUEJ2dEpoQ1Brdw?oc=5
iOS 27,2026-09-16 21:07:08+00:00,Apple Has New Parental Controls for Your Kid’s iPhone. Here Are the 6 Settings to Know About. - The New York Times,The New York Times,https://news.google.com/rss/articles/CBMihgFBVV95cUxPX1ZDSDlnbkg2ZThmbkpOU1RMbFdFbmNFUnZDaGgxVWRqSlktbmx4WlJxV2dlLWpnZDhFX1dlS1hDTFdvMXlkc1pMZlVYOUYxNHktT2ZEb3ZQS3hHYUN4SXF2WURadmpqUUpmRU9FUHZ5dnpRUHk2Rm10eTZtTmY3OWVQUmRIZw?oc=5
Android 17,2026-09-16 21:12:23+00:00,Motorola Qira and Android 17 explained - NeoTeo,NeoTeo,https://news.google.com/rss/articles/CBMilgFBVV95cUxPaVNMM0QxNzZHZWVWcWQyaFhpejFTdDRpWGpLMkZBMnJIMTNXS3Y3NTVLWHRlR2RRWGtKQ2ZXUVdodEJMQ3E5aGEyODAxbGZiZW9iSmpJV0oyNzZSMzZqZXlkZnRHMGdrWWNnMjBrWDlzbU5rdXZlWXNudElTVVZGYURzaURnaXlZQkZMaDJZSlpVMmRYQ2c?oc=5
Android 17,2026-09-16 21:43:21+00:00,Android 17 QPR1 Brings Screen Saver Enhancements - Droid Life,Droid Life,https://news.google.com/rss/articles/CBMikAFBVV95cUxPVFQ2R3lpWm5TamZrQXdZcXo4cFI3NmpIUVNIMnhMTFN2SmNheXcxNDlUSzRrek0wNjBZOG0wb09zeUxUbmRiX3loclVoUGtwR0IyT2Jvd0Z5SEFLSFFTQlozeXhzdmFleDJvR3pBTC1qaWhlRmZ4bW1MeDhHV1diZVhLMnN2Z0NUM3JTZG9GdXI?oc=5
Android 17,2026-09-16 21:46:00+00:00,Here’s everything new in Android 17 QPR2 Beta 5 [Gallery] - 9to5Google,9to5Google,https://news.google.com/rss/articles/CBMifEFVX3lxTE9TbF9IVFAyNm05Z2ZtbFJpLTFZTXhkUzBSRE1hT1pSRjdGQWRwRXgwaGg3WVR6OV9ZTDFwWTRlOUhTSnc0N1MzNGlRb25HOXdpNk1oSDVkUzFEdjV3UUpaVmpWMWdRYzNicWtXUzRCTzRaMEJfc3VSS2VnMDU?oc=5
iOS 27,2026-09-16 22:19:37+00:00,How Apple gets iOS 27 onto millions of iPhone 18 Pro units in time for launch - Cult of Mac,Cult of Mac,https://news.google.com/rss/articles/CBMidEFVX3lxTE5FbU92eVZfSWNUa2xTaU83LW55NUlPOTVZZ2JraGwwbVQtVE1mUHFEM2RYaXRELVQtc0hRaTBrVlY4b0NfaUtZeC11elQ1NU9PYS1RVXdFS29oMHU3U1lWb3Axem96bXZEeHZKeWZKeWNJSmFH?oc=5
iOS 27,2026-09-16 22:35:00+00:00,"iOS 27 bug breaks Notification Center, but it's hard to trigger - AppleInsider",AppleInsider,https://news.google.com/rss/articles/CBMisgFBVV95cUxQYTZNVmNDSlRtWUJ6d2FzdXd5RE5kZ1RGNFItcjRhUXp1WVlmRlVreDJIVG91VWtWR0pGYllZWERKLUdndnVJOGllQUFRS0FHNURiUnFrb3lXZnl1bXBueDdCSngyblpLQVNCbXcyZDJyMGZ5LXY3MVhTY0ZET1A1YXZfaERZSUdERTBvQ1pGb3cxVlkyZXA1SVh4a2hMQXZnajd2cUhIcmtEbEhJRGx1LXpB?oc=5
iPadOS 27,2026-09-16 23:00:14+00:00,iPadOS 27 is hiding some of its best features in plain sight - Pocket-lint,Pocket-lint,https://news.google.com/rss/articles/CBMiZEFVX3lxTFBuUWVxUHUwWUQwaUItd19lQzRsQUNydVJHVzVSVFFNNWVpYjhrVjVkSFZfdHhmNlNCOVFKekxycEdua0pyTkNrOU90VXJ0ekxOUEdiMnVkTWlyNFNNSnNMLUxySjY?oc=5
Android 17,2026-09-16 23:05:00+00:00,Android 17 QPR1 September Brings 20 Bug Fixes for Pixel Phones - VOI.ID,VOI.ID,https://news.google.com/rss/articles/CBMiS0FVX3lxTE5LTDZ5TnZjdENKZWVhZEdUZzZBZGZUM191MUtwc2NUYU9vMGdUV2hrckhwbXVfWTVHOGcxbmlCNXRnQk85cDVwZ3hiNNIBQkFVX3lxTFBvLWxwNFM1UFlVOVh5d1lieE1OeTdnemFKTE5kNHpELV91bHdRS2V4TktpY2hiZXNEYTMtX1pVOUxYZw?oc=5
iOS 27,2026-09-16 23:44:55+00:00,Everything New in iOS 27.2 Beta 1 - MacRumors,MacRumors,https://news.google.com/rss/articles/CBMiZkFVX3lxTE9OcklqVF9VYlhNQ0VTNWpZU2cxVk9NSmxJWl9KQjlJVnRxVGpleExEcE9UWWoybzFEazAzVG4wbUZXeWI1UnR6SnlRZ1BiUXUxMnZfb25Kd1N1MkJTSFlMN3QyT2FTZw?oc=5
Android 17,2026-09-17 00:12:57+00:00,Android 17 QPR2 Beta 5 Arrives: Here Is What Google Fixed for Pixel Devices - Android Headlines,Android Headlines,https://news.google.com/rss/articles/CBMiogFBVV95cUxOQkFLV0pMZzU3cE0xTkNacXFzTFNoSWlwbFFJaC01LVp0aGZkODZ0V3Azb2VzbnlaN256emd3VmJsNURBdlZxNGdxelZWWDdWTkYtN05OMDdkR01Dc0ZOdHlxS29RTEIweDBWdVJBNzJfOU5zYnV0dWdmYXdKa05DclFmOExIQVMyZlMxMVZ4TjNOU1NaTUZIVmQtdHF0N3ZjbGc?oc=5
iPadOS 27,2026-09-17 01:17:56+00:00,"First Beta of iOS 27.2, iPadOS 27.2, & MacOS 27.2 Available for Testing - osxdaily.com",osxdaily.com,https://news.google.com/rss/articles/CBMiogFBVV95cUxNZVNlZkRCWGdDUThDOTRRcTBCN2Z2c3hoUHJPdlBGekNpNTlvWjIzNTVNMlV2X1p5UGFkQWFqLUxyQjh4UHhaVllLdWFQN1l2cklvSEFLWEtGYzVEaUZkVTl1SnVPLU1kOHpCWXBGTDNqXzZ4S19PV1FkM3l4NURZcmlFZjV2b05mLW5UYVhXcy04clU3Nkx4UWloYWU2em92UUE?oc=5
Android 17,2026-09-17 01:48:01+00:00,Google Pixel: Android 17 QPR2 Beta 5 Released - jetstream.blog,jetstream.blog,https://news.google.com/rss/articles/CBMiekFVX3lxTE0xRDZ5aTJhVG9wWlZ6TWs2TjlnRlFtdzFjQVpGeTNwRHV1ZE9TZTMwMmpvQU1CUDV2VmlNcEV4MEVoZkxHakJPQnJQcEI1ZGJEX0JIYzVjTnNpTUJIYTBmdTNXamdLR3U1TEpSQlFzaXAxREJoX00xdGpn?oc=5
iOS 27,2026-09-17 02:33:31+00:00,"Bug in iOS 27 will freeze your iPhone, and here is the solution - PhoneArena",PhoneArena,https://news.google.com/rss/articles/CBMilAFBVV95cUxNSFhiYnl1Vi1TdDU5cEdBQkJyTC1aNXgyWmNxR3hOaVRnNU1TOGtGSEFtbWJjdDV6UHV4a2VmQmo4TDg2ekZ2XzRESHVMbFZsSVJTeU96NGxpaHNoeURHWUEySnd1UDd4MmN2cS0zenhKMzd5OGQwbTdGaXk0bEtUN2lnTHVKRVo4MGpzS1JiZl81MFNu?oc=5
Android 17,2026-09-17 03:29:00+00:00,GrapheneOS accuses Google of gatekeeping Android 17 features and security fixes - Android Authority,Android Authority,https://news.google.com/rss/articles/CBMimgFBVV95cUxQMVRQV25ZMEw1Tjg5Z0laTS04LXd2bnJBNTFmM09IV3B6R1IyZjU3MWZNTjBjV2hQeTdQYVJMMVo0UGpxSC0tV2tQZFlhano2U0l5aEhrRTB5WTZlRko2RUppQzA4QW5aQVNKSHhfN2FEX0FQcFZJZVV6U2pWaEY0NDZTQWhLNktEaHlLREZNQmZKNjh5SXBGOUFn?oc=5
iPadOS 27,2026-09-17 04:34:55+00:00,iPadOS 27.2 Developer Beta 1 Is Available: How to Update and What’s New - The Mac Observer,The Mac Observer,https://news.google.com/rss/articles/CBMiggFBVV95cUxOSEZMbm83clFuRmJkZWR5LTdVWFk2RHQ3X011THRsRjdVdnRFWU5XX0ROQmJFQ1JXMlV4dDNWelhZdmluZWIxcU5ZZ3VRNDl0RWJTZ2dQWThwSkNoSXk5Rk54dUVLRHhEeVdpNTlBSXVPdDJ2MHRmc2pGaTAwbFR3RzBR?oc=5
Android 17,2026-09-17 04:41:46+00:00,"Honor MagicOS 11 Announced: Android 17, Liquid Glass UI, and AI Upgrades - Nokiamob",Nokiamob,https://news.google.com/rss/articles/CBMirgFBVV95cUxQM0Z2cDlnZTZLbkFsdWlRUFhFYXludVVjNFowendYMGNfQlQ4YnBCSngtWm9nczRTSWF1REF1S1pBYVloejZUalZoRS0xXzRjR0tzM0hmSWctbHFVcjBsMm5McE41TlkwODdIM2tacU81OGZ5c2xScXVYSkMzX1hwSVI4ZHZnN1RSSlFFNFFBc1dvZjdHQ1RfaVNhNEg2dzFiUm5MV1hGRVFTY0VRc0E?oc=5
macOS 27,2026-09-17 04:57:44+00:00,"macOS 27 generates subtitles for video that has none, on M1 Macs and up - The Mac Observer",The Mac Observer,https://news.google.com/rss/articles/CBMimAFBVV95cUxNQ00yOFI2XzhTUy15TVlzaEp5TjNjVUV0WWpWTU16Z0VOUUtiMVc4cW5RQ3poSHA3QlZHZjRIUFZEdktXN1p3cW1xdk40eGZoc0phTXhPWFRBRXVTZGNCN0wtQVRxU0lrOEhWTW9VVkpRM2JDWFJRdTBvbFpneHhnd3VyZUdXaG40Z3h6WUFONjF1a3I3Y3M1bw?oc=5
iOS 27,2026-09-17 06:08:09+00:00,An iOS 27 Bug Can Temporarily Freeze Your iPhone - Engadget,Engadget,https://news.google.com/rss/articles/CBMiekFVX3lxTE1YTTJKMWFHYjJXclAzX01XS243MGQwQWNJU2d4S3pSZWhnZGhkSlZ2bk5iREtkNjNFLUp1N3V2VVRaMjdjaERTN3Z2UmRiUkpPLU9JUUFrU2dVVWRNTUpNOUk4Q0FNQ3VaWkdSZTVEX08xQ19kTDRHc213?oc=5
iPadOS 27,2026-09-17 07:00:00+00:00,Safari Keeps Getting Better. Try These 21 Hidden Tricks Now That iOS 27 Is Here - PCMag,PCMag,https://news.google.com/rss/articles/CBMioAFBVV95cUxQaUUxSlJ2bm1VWUl2QktvMXliUGxrUDhpamgtNFpadE5tcE5fUHE1U2p3dDBVMmRZZjVlbDJ6NWVJUWF2MWZRWVo5b0dYcVZJblFlSGN1N0JISFFfOHo1S1dWWHIzLUpjazdnbGtOdGZWNmI2WVpNUVNmQ0pvZkdrbFVwb1U1eGUxRGJUX2paOU9iNmh3REhMUWp3VThxcTFm?oc=5
iPadOS 27,2026-09-17 07:00:00+00:00,Much-Anticipated Apple Software Rollout Starts: What Users Should Know - DailyVoice.com,DailyVoice.com,https://news.google.com/rss/articles/CBMipAFBVV95cUxQZWJVSDJUaFFlMEtDMGRzd2YxMFdMcG1aWk9lOHNjejhCOEhPckNqN3FLaE92M0daU2dJWTl4YTd6MTJ5WFM3TFNWRW9MNFA3OVBTdjlxd2VxUk5QdnlYekNlY2t2eDFORGVTTGtsY1VncTlpazAwWVQ2WXFWNXREcmRSMUV3UmxPSnFmd2FsaVd2d0JQUEV0eU1YZkRDa3BfZUlYMg?oc=5
Apple Intelligence,2026-09-17 08:12:05+00:00,Apple Is Turning Up the Heat on Rivals With Its Updated Health App - CNET,CNET,https://news.google.com/rss/articles/CBMimwFBVV95cUxQeVZ2ZUN6Nk5sb05MQVhsdmRNMzkyNk5NYXlLbmlSUEc1SUFVeVJSTU5QNEFCT3kxdHZMdDdSYlcwb3hMZEx2a3dzTklCYmRVUDRNYmZfS21vM3Z4ODcwbjhxOFh1SVktN0tqNzgzUjJuem1NVEtpLVpPVGU5aHRaQ0RCR0JlekVOZTRoOHQzeUlEMkdvNTJuME16Yw?oc=5
Android 17,2026-09-17 08:17:26+00:00,"Android 17 expected release date, supported devices and must-know features - PhoneArena",PhoneArena,https://news.google.com/rss/articles/CBMiigFBVV95cUxPUmI1eVhweWVmNDVuRjlpd1FBUDN6d2M3X2lKMmk5TUZ6NElhdW96REhjMW9ZZWpMalRFM0hxMFNFSVpYTjNqaHJmS1RsdXItd01VTnBRZkw0S294Q05BN0pUcGh3UXVKYmVFMHJ6LTNhX2pGam1pbEM2NEpYRldFTmQ1OUdlWkxDYkE?oc=5
iOS 27,2026-09-17 08:51:35+00:00,Why Siri AI Is Not Available After iOS 27 Update - Gadget Hacks,Gadget Hacks,https://news.google.com/rss/articles/CBMijAFBVV95cUxQcFYyYkdiNUludC03VUhiU2RSYWx2OUp0VjFnZnFUMWJ2LWNhRlRpaU1YNThIb2ctaEs5R3NwR250LWxBOW9fRUlaeFBYaHVKUGJEMDdnMHljampWbmtBZWRXalB2TFpUbHM0OXZwWEhvZF93c1VvakRNRVlMY0gyUUNzMWlOMXU2NWF2Tg?oc=5
Apple Intelligence,2026-09-17 10:37:11+00:00,Apple Releases First iOS 27.2 Developer Beta With Redesigned Health App and More - Thurrott.com,Thurrott.com,https://news.google.com/rss/articles/CBMiugFBVV95cUxNR3JFTDhOWnV5WjFJM0p4V2FfcXdoOWZQWGdWLTNqSHYzaGNOd0I4cF9SZS1ReHBNNkNkanpsT0YwdUsyekZ2MnNOdWhtLUxjMGZnRFJJbm5ZREg1OTF0bzhubGhBMXdlRVhWNi1DTDUza0U3Z2dDSmRJSEFZX3F1cEtzRGJvbDZDaWd2T1F4RnJsWEFpWUIwbzBUaEhNQ2U4WnVlRkdwR3pJRUdDdnpQLTRjc1dlMm5XQnc?oc=5
Android 17,2026-09-17 11:00:00+00:00,Google Home just became a power user’s paradise - 9to5Google,9to5Google,https://news.google.com/rss/articles/CBMiiAFBVV95cUxQQW92azJ3VW52aFVHeUJ3ZHlKRmFjckJ6eWZBeVRCV0tPN2JPcnZZWTRGSUM5ZGRNYVlwb2ZkdHZJUm5Ja05jN1hlSnMyTTRMNUFISHlmSEhCWExIVXNlcEVzdjFNR2xuNmtlcmMtX25iOEF4WU5ENWM0TUpFaGtnTHh5c1hKMHh3?oc=5
iOS 27,2026-09-17 11:17:46+00:00,Which iOS 27 CarPlay Features Actually Work in Your Car? - MacRumors,MacRumors,https://news.google.com/rss/articles/CBMiiAFBVV95cUxNM3ZUT29GU29iSDlDOGNrMXVRalZyTFYtOWpFQWJxbEpWSUpONlpsV2Q3eUlHYTFMSEdXXzVwbGFOWTh2eWd2ZmpfYWdFS2V6X1hSMFNNZGxVWExVYndQemtXVFc3UnEyNGV1NEVKV3NKMUg4ZkgtV2Y1dE1BTFp2MDdyUDdDZnZN?oc=5
Apple Intelligence,2026-09-17 12:00:00+00:00,"Apple Watch Series 12: Worthwhile upgrade, looking forward to Audio Intelligence - MobileSyrup",MobileSyrup,https://news.google.com/rss/articles/CBMickFVX3lxTFBTQ2hUM2l5YUNlN1J3SHhtNmdSdlJhbTFFX2hFektGSTkySE4yUUtRb3BsSFVkYmozbDVsbkN3dVJmdkRXR1FJcDNNdmZnXzY5WTdxRmRncVhIUTQzaERpckRrWlJGODlxckRhTnM3U09CQQ?oc=5
Apple Intelligence,2026-09-17 12:00:00+00:00,Apple Watch Series 12 Review: Catching Up And Catching Heat - Engadget,Engadget,https://news.google.com/rss/articles/CBMimAFBVV95cUxQMFhMUzY2UnlmNmdqbk1odG1RTjFYTUp1QVR5SVo2ck1QeVdwMUdHOTI2b0N1Vjk3c2lCeEoxaVJ5YmVjQXRvejJ2TUN5RWVmMDBoczJPaVA4YUFpZEwtX2swUVF2TmJJV2JjUWZQV3pKTm5OX2xxUlpVSjNhdkFwOUpHXzZFdzRobzk1Z29MaUtxVEpyNF9kaA?oc=5
Apple Intelligence,2026-09-17 12:00:04+00:00,Apple Watch Series 12 Review: I’m Loving the Subscription-Free Life - CNET,CNET,https://news.google.com/rss/articles/CBMib0FVX3lxTE93R1dXcmZabEd0UHotTmFNM015bFBqTkktMUg2UVpXYnljWE1VZkpENHNNcWtCbGJkT1ctRklKMG9vV3Q1VTVpUW9NTm81RlgxZm1lZzhpbHRUTzBrQWRFS2ZTVm5hVVlKbWpPU0F4cw?oc=5
Android 17,2026-09-17 12:33:06+00:00,"Here's when your Galaxy S25, Z Fold 7, and Galaxy S23 FE are scheduled for their next big update - PhoneArena",PhoneArena,https://news.google.com/rss/articles/CBMiugFBVV95cUxQbUh0MG1PTGUwV3BKM0RlOWk1bG9QLWhJXzE5bXJLN3BodEY2ekd5ZGh3ZkhDbU05RW5ZZ3ZQaUFDcnVxejQweFV0Vk53LThkYm95SEJhc2J1WjZmd3dDUnhxMjM5OUVjbzB1dUVXVk5weGNlT21nQVEyMDNmLUJEbHUzTkR1cEFTNFpObEtCUlo1QldSY2swUWlrUG1tdUZuM0xkbWFnVGxzSnpsV1Fhc1BJekZtNFVXY1E?oc=5
Apple Intelligence,2026-09-17 12:46:08+00:00,Apple Health App Redesign Hits iOS 27.2 Beta - Technology Org,Technology Org,https://news.google.com/rss/articles/CBMihAFBVV95cUxQT09ya0YxMUZrbm1ja0pPUS10WjhPcUFCam5CdDBiREtFaTBWWFJhaFNNWHA2N2p5TXZFVFVjZ0VXakRpcnZxZTlMQ1BZMVVLbE5LYVRPREp4SVFkRmVHeTdlSWhpZkptRmJpVjdXUVVOVlBSQzVhQ25FZ2tISlZIdHZJOVg?oc=5
Android 17,2026-09-17 12:59:04+00:00,"Honor has started its Android 17 rollout, 51 phones are on the list - tech-ish.com",tech-ish.com,https://news.google.com/rss/articles/CBMioAFBVV95cUxPQ2w2cF9CbFotLUZnYjV2U2pmVVZmclZvVGNnZFZsTGNIWksyTnhQR1NSREtVakJiX0NFMng2eWxLcDFwVWlINE40MVVUVHBucnJQNnYzSUY4OXQ0WHRVQUtJcjBaZGplWlN3Zl9sZkZuRFBpY2tqVHNGM3RVLUF0QlVZeG9hSC01OEdoLVR5d0JXQzFmbWFEVDJLMlFJcHZP?oc=5
iOS 27,2026-09-17 13:21:37+00:00,11 best iOS 27 hidden features you can't afford to miss - Tom's Guide,Tom's Guide,https://news.google.com/rss/articles/CBMimwFBVV95cUxPeDE0YVRSb3g4WGQ5SFZVa01IYUMtX0FxdWNETUcwaWxYM09sZkNCMVB4ZEVZSUxDTk8wbk1mWDdTMXZ2ZWVGeEZFM2N5dGxWVkk3U01nN0RxSnF3WGFGQXprekI5emFGOHpMdlljcGFMSXNycGFxMm5iTnZfMGlVQmkyTEtKN1RlRWttbllFWjh1Wm9NMnUtZy10VQ?oc=5
iOS 27,2026-09-17 13:45:58+00:00,Watch out for this nasty iOS 27 freeze bug — here’s the fix - Cult of Mac,Cult of Mac,https://news.google.com/rss/articles/CBMiekFVX3lxTFBhaG11YUwtS2tyRGtCVjlCVjJJZTBlcl8tcUhFcFFOVENCamhBVkpoQUlQQUVNc0NLTWJtUnVHSTNtZFRFRDgwdlA2M3RaSzBZTjkyM3FuNUhWajllTWNBeDhlX2h2aFJUSVJKRzAxRldaWjNkMFBRcXBR?oc=5
Apple Intelligence,2026-09-17 13:48:43+00:00,Will Apple enter the server business? - Computerworld,Computerworld,https://news.google.com/rss/articles/CBMikAFBVV95cUxQUnBnNVJUVUpiREtXTkx2R0tNQ080bTVKRkV6X3RVc2RIak5LM3E0dGJwZjhoci11YXpFZzdud2hHU1dOTE5wcUN2TVo0Q0dSR0VMOG5Pell3U1FpZU44QTQtbFN4eDQzNVFnUHE4UHRwQU5DTkpPanpTeGVHODdmTkgtTEZLMTVwU2dnY1BzRVc?oc=5
iOS 27,2026-09-17 14:03:34+00:00,"iOS 27 CarPlay Features Compatibility: Cars, iPhones, Apps - Gadget Hacks",Gadget Hacks,https://news.google.com/rss/articles/CBMilgFBVV95cUxPMjhrQlc2ZDhoNzZkT3U5d3pKcFNuakxBQkI0emRKekpsbFRJV2tCTkZUZ0UwRUdUWEVOamUxcjlyNl9rakNoS000VWdVZU1SaG15N0YyMWYwUS1mMy1TamRTcnloYWRSWlV4VDZCTnNXYklQcmNnbnd5dFUyOGMtMU1fSjM5QjVwVDRvMjRUS3F3NG1FQXc?oc=5
Android 17,2026-09-17 14:11:00+00:00,Another Motorola phone just picked up its big Android 17 update - Android Authority,Android Authority,https://news.google.com/rss/articles/CBMiggFBVV95cUxOV1VqaVRSSEN5QklBUnJURk5FOGhOMWxjeW5mUm9QUF9tOHp3TG92UmZucDhzcjRtdkFORXY1Tzk1ZkRrOWxXcmJRQXVWZmZsNkoyUmI5LTR6eHhjWGduRF8xWEZJU2dNT1g4LUdXeW4yajM3S2EyTXhWazFubl8tWmhB?oc=5
iPadOS 27,2026-09-17 14:12:00+00:00,iPadOS 27.2 adds convenient new feature from the Mac - 9to5Mac,9to5Mac,https://news.google.com/rss/articles/CBMijAFBVV95cUxOSWlOajNXYmhTWXBwNzVLQ045MHJESVJ5SjJsX2QySHE1TkRValM1SVBGWXZsU1VPRHBTTGlmWEtJOEl2NVRuREFhZFlaeWZ2WFJIcWEtMmRGWm8xei1HXy1iOUdSYmlWdW41N3FVcnF6MWFDbVROeUFNVVNKRXFjVWMtdnRCZ29FSmVFZQ?oc=5
Android 17,2026-09-17 14:52:05+00:00,Google Rolls Out Android 17 QPR1: What Pixel Owners Need to Know - TechRepublic,TechRepublic,https://news.google.com/rss/articles/CBMijAFBVV95cUxONmdfUkp4d1J1Y1Y2S0NHWUJKcUtTaWxReVNUcHRNTndZMzB4NFcyTkQxaTl0ai1wU3I0MHVFZVVzUUdFMzlLc01maGt3dkFtX0syY3JQY0JfbHZlaWlRbGVrNzdpbmd5dUJhWlY3bFVCMnJEQVNkNmFBTGdGN2ZybVUzOXFaSHNqNHBPVA?oc=5
Android 17,2026-09-17 15:00:22+00:00,One UI 9: Samsung Reveals When Your Galaxy Will Be Updated With Android 17 - Ubergizmo,Ubergizmo,https://news.google.com/rss/articles/CBMiVkFVX3lxTE9JdEdoU0ZMTHVTakI0QXd0aGwtTW5wSWFlMW5OYmxhcWNxVWlWTDJFbDM2LTN1OFJqeEZ5OEhXUm9WaGRMRWtKbWZUMlJWYzNCRHlveXN3?oc=5
Apple Intelligence,2026-09-17 15:00:34+00:00,Larry Magid: iOS 27 brings a smarter Siri and more - The Mercury News,The Mercury News,https://news.google.com/rss/articles/CBMikwFBVV95cUxPQWxDQnF3QUpNOFRmZjlkQUVqaW9NQkp5cVhoUlFvR1RaMmRVNGp4MmVwRHFyYlphM2dPa3lfTGFScXpLS2l2UjNkZnlGMnNxZExhTzVOLVVGSDZQUnNkSlpnMlVDcDVoaFlVTVllOWJuQ0N3bGQtYzNRc3NZM2IzUTAyZXczTG40VlRPN3REWEJwYmvSAZgBQVVfeXFMUExuVFlCZ1JDTkVOMG9mS2tIbUhMSzVDbktLZFE0dWpoN3VMLWR4b1Z2ZDFKOTlrbWYzaG80NmNPc1hmSkZHSmdvSVdvUHhkQ1pTcWZxdWY0OGJSb3h6OUdVcXlFZEJjckxKVVN0THpCdjFPWWFsU21wS2lVN1Rwb3FybnF3eU95YjVHZTkzM1dEZG1rc1FpMGE?oc=5
Android 17,2026-09-17 15:20:00+00:00,Honor confirms list of devices getting its Liquid Glass-filled Android 17 update [Video] - 9to5Google,9to5Google,https://news.google.com/rss/articles/CBMiiAFBVV95cUxPX0FvZ3FBaW5HQTNsZjI1QXBLRUE5RlZlVnRMTTJiZ0xvODhwWlluVnljcF9ILXdlZ09ILXZURUdjX3F3X2h1Wm1qaDVDS2p1UGVGd3VKbEpibExVUmxaeTFXallFQWRxaGxicm9oZkhmZXFOcExIOW44VlAyaG5NM1NVQXRGSHkz?oc=5
iPadOS 27,2026-09-17 15:20:57+00:00,Five iPads can’t install iPadOS 27: Here’s what their owners get instead - The Mac Observer,The Mac Observer,https://news.google.com/rss/articles/CBMilgFBVV95cUxOdFNxd21XZ0hlTERwRnpCWTcyNVdhdzl5N1pBR25MeHd5Zl9TQ2ZXY09KcHFlSUc5OTBlX1hNR1dqWlNqVWFja0VOMFg4NWRJNnhTMkVaSTVwSFFzZWJyRjhjOWw0Sno5dWFseVRpQ3Z4X2hsRURvNDJPazY5QWJhckszaTdxT1ppdFNZcWU0emo1RGpnMXc?oc=5
macOS 27,2026-09-17 15:30:58+00:00,Ars Technica reviews macOS 27 Golden Gate: ‘A major leap for Apple Intelligence’ - MacDailyNews,MacDailyNews,https://news.google.com/rss/articles/CBMitAFBVV95cUxQWnVGaFZUY2dfNXVOdE1NM1hFY0daT1U2UjhoMHZBbkJSQjlMby0wWVpvX3hsUWtub1dIZ1JIVjdhcUJ4b21Vckg1QmFUVTZIdUZHbm96OVozQW54bjVVcTBSbmxmVHdnZThwNHp3ZDJnWUtzcHNkc2NXZ2UzcnlMUWpjcWdmVmxmRFF0TTZNTElfN3ZZTTA1eVJXN2ZHTGtFbTVuUmtfeWlLdHNxanQzZEhYa0zSAboBQVVfeXFMT29vbEpvZnctSjN4X2dhakNxY2tfNkxnT2tOZkZPUU1LNGlwRlVqWDh1YlJxS1ZvOGlrTVdHOElaTnZ6eFBGcUdHZWxSYzVEZ3BzUHFSc2tsWldobHFIU0ZwakZTb25jNEJyejdsWkhJckdseUtYT0pzeXNRclFDU1ZaZGlObjlMalMzaEdUcEdVZnBWdkt0NGJoelpFUFc0ZlVoQ3JiR1diUmtRd3Rrd2d0QTlXTnQyeTFn?oc=5
Apple Intelligence,2026-09-17 15:57:28+00:00,Apple's iPhone 18 Pro can cryptographically prove a photo is real - Yahoo Tech,Yahoo Tech,https://news.google.com/rss/articles/CBMiqwFBVV95cUxPOWVyemgwekNrdUJySkZKY1BfM3BTWFdvTV9aMWhvaVc3VWRsTXpZZkVXSTA0ME1pUjRDcEE0Y1UwM3plcS1MeUtQZG5uNzJjZ0VqdkVZeU9aY0FKdW9SYjcwZEI4UTVNNDVvbVRncVkyT0VOSDhudU9STzdMeEV6RllfTl9wNUlaZEtiV1lONGlBRTZBT2g2dkUxZTZpZl94czlTclBUZHBjaHM?oc=5
Android 17,2026-09-17 16:00:00+00:00,"Android Bench 2.0 focuses on long-horizon tasks, agent evaluations - 9to5Google",9to5Google,https://news.google.com/rss/articles/CBMiYkFVX3lxTE1pa0JudGFEbDEyU2ZfWmItcjJrS2YxdFVobkZQd2pMOXNGOVY4ajZBOW9udXRfWjdhSXNBbTVQcWF4bndWdzJCQVkzeG5EZ2lLaFBkS29Vb2tUbVdHeGxSSU5B?oc=5
iPadOS 27,2026-09-17 16:00:26+00:00,8 Great New Features of MacOS 27 Golden Gate to Explore - osxdaily.com,osxdaily.com,https://news.google.com/rss/articles/CBMikgFBVV95cUxNdEdmOTJOWjBsN2FIVWhkXzdhendCWXZsQU55endOY0c0NnhvTElkQWtRMVJxSjh3Ri1NS2luQTQ4c3VuMjNpZjNIcWtWM3VkazlMYVZjTVcxaFZ3c0xWUDhJTll4WUd6aEltZlBaVHBTSldYY0xGcFo1RUVmT3I4Y2pEckt5OV9Ec3NnRmplQ0Fudw?oc=5
Apple Intelligence,2026-09-17 16:14:41+00:00,Apple Seeds iOS 27.2 Beta Two Days After iOS 27 Launch - Yahoo Tech,Yahoo Tech,https://news.google.com/rss/articles/CBMikwFBVV95cUxOVUxyaDVRNGI1MUJGdlJENlVEeVg1eHNtUGNxME5lMkJhemwzU2NxTDAzZ1U0V1h5U2NzdnQ5M0UtWFJlYUpiVWNNM2ZKUUhXTUExX2t0MnVNMVV6R1Bqay1uYWlnTlplc3NBTTRmbmp4eWMyTFd6UWE3NkFzMG14YlBuWjVqYXdEWE0zZGhOMVRQWFE?oc=5
macOS 27,2026-09-17 16:18:20+00:00,50 New macOS Golden Gate Features and Changes Worth Checking Out - MacRumors,MacRumors,https://news.google.com/rss/articles/CBMidkFVX3lxTE5ocXcyREpQTHBnbF95aUhyalZPSzNGNGwwdlV6WGhYU3VIOGhLaXY5S3lQQkJzVzZMUllUM2h2YWs0aGVwdlN5X2hfOVhsYm1tYVBfZmRBNEx4LTlSV1hLV0d6R3hHWktfMWhUNloxMHd1QkdhRWc?oc=5
Apple Intelligence,2026-09-17 16:30:08+00:00,Get a daily iPhone briefing with one simple Apple AI prompt - PCWorld,PCWorld,https://news.google.com/rss/articles/CBMipwFBVV95cUxNS19ZUGhIMjA5X3g4ZkVGTDhub1BZNVhmUWhpZDRwaFBHdEI0OEJoQkNmbDRaMkpwdk1VeXlvWG5RR3NCT0Vyd3VySlRIbzNxT1NqdnVnd2FTYVZ1Z0U4U194bFRFUDZ6OVZUYWRCNl9wU1hqNEdVajF0c3NoQnpqS3UxTmNKbkpPSXpFUW1jVC14N1RDZjl3VlZ3QVdDYXRUMjhobC0zUQ?oc=5
iOS 27,2026-09-17 17:04:37+00:00,Apple’s New iOS 27 Brings a Host of Updates to CarPlay - Kelley Blue Book,Kelley Blue Book,https://news.google.com/rss/articles/CBMiiwFBVV95cUxPczc1T0hXSXAyTXVfajIwb2RKcWl0anVKMGhIanM4TzZ4dzFmTkU0Qk1wbzI1eExlODZJY2JuOGc5OERnNzk1UUFKMTZNMWdNemlxN0NhRDBhS0lMN1JGanFxTlRaempuNGx2V2pVYmFQdE5VZjJHZy1BRloyaml5Nk5yOEJnaXJueXh3?oc=5
macOS 27,2026-09-17 17:47:56+00:00,macOS 27 Golden Gate released to all eligible Apple Mac computers; here's how to install new udpate - Deccan Herald,Deccan Herald,https://news.google.com/rss/articles/CBMi3gFBVV95cUxQLU11X0hXVkpwRklOT3FFdjB4WTJBX1FseTdZV19XZkZoRU1SeWIyU2tnT1B5eWlhSDREQVFxV2dsT0gta2lyeGRVUld2X29rUlBOa0pPMlFYdWJERHJkaDJ3TTNzM3FlNWNIOTNVLUY1U0JMNmdlUzFTUzRrVHFvaGJDVjlqN3NCbDVYaWVLcENQblVvamQ2VXZGX0ZnNTFPX0QzSUxUV3Y0WFEyNll3bmx5bDdJNEdzbFoxWmJ1NnNqXy1rLTJpQWMzb2I2amM5VlJJa3kzM3dtU2FudlE?oc=5
macOS 27,2026-09-17 18:07:00+00:00,SoftRAID 9 adds RAID 6 for macOS 27 owners only - AppleInsider,AppleInsider,https://news.google.com/rss/articles/CBMilAFBVV95cUxQd3NIMWFQZHdvUkYtelA3all1X2RrNVc3TXk4a2ZLQ0hHMktUTE9ROEVFZGJRNl9LNWIyNGJ0VW9tVGduLXFXTzl2cXJMUGR6eUtfOVdHYUNEVXdoYzFGeklyTFhwR0FGcnduWUR6VkpTdzBOVGRFMFJKVFRXTE5zNXlHVFE3WkpoVVJEcklCVnJaWkpt?oc=5
Apple Intelligence,2026-09-17 18:09:05+00:00,Siri AI Is Finally Here: 7 Things You Can Actually Do With It - TechRepublic,TechRepublic,https://news.google.com/rss/articles/CBMidEFVX3lxTE91Z0hUOGkxVFAxcTF6ZktKanAzRDZ0VkJJU1VOWTBJYWVwMkxIYi1Md2ZWOFk5NFUwMllRUU9PdndUdV9TUWcyUkZQN0lKeElQdXRoaWV5bTY5cU1QQjZWNThKWjMzUXY4alktMjA5Unpqb0Ja?oc=5
Apple Intelligence,2026-09-17 18:22:57+00:00,"Apple Intelligence for Home requires iCloud+ starting at 2TB, Apple says - The Mac Observer",The Mac Observer,https://news.google.com/rss/articles/CBMinwFBVV95cUxPVGFLZ0p5Vk1IenlSQzJjOGs0bHF6aFpseWxuOHR1YXIwTEpPQXBnWGdMYkNMLWcwRHBlVk1zTWdTU1BhWDV0QlNKeGJVZnZSRlF0RGxvMGI5bFFvU3Q5aFVoY0FuSk5LVzhidDAzdGRLcXZId3gtUThaZUVRMVA5QmtMdzVpdldsclVCUnZjOVo1Z1BldUFNNjlpWWF4UUk?oc=5
Android 17,2026-09-17 18:50:56+00:00,HONOR Shares List of Devices Eligible for Android 17 Powered MagicOS 11 Update - Android Headlines,Android Headlines,https://news.google.com/rss/articles/CBMihgFBVV95cUxOeEJNekw1NExaZm51RmktMUFRckxJYmdqWnNBNzBSZVg2OExNZ1duZ0p2RHRmdWxRdDVUVk9xVkYtYzJFc1o2eUtTeDNvbVBrVXJIZlRTTk51REcxTGdzUGNJelk2b0V5VDZlcnZNeC1uZ1M5RkZ4bFdfUEJQNWtaR0ZaNzQyZw?oc=5
Android 17,2026-09-17 19:04:00+00:00,"Google reveals how its new 3D emoji were designed, and which Android brands are getting them - Android Authority",Android Authority,https://news.google.com/rss/articles/CBMicEFVX3lxTE5UeFZlMDZQY29xQkVUM0VEaWdVcXZIQ295Yml5UE02dV9xR1VMRlJJT0ZnVTFRd0RGOHVnX2tqcTdhaklmS045aGprcFlVOHBiLXVwVXZmRkNLYjQ5QUZJYmlodlE2NE0xdkxvQ1pGd0k?oc=5
Android 17,2026-09-17 19:26:24+00:00,Android 17 QPR2 Beta is here: this is everything Google has in store - Android Central,Android Central,https://news.google.com/rss/articles/CBMi0AFBVV95cUxOVmx3LThCeTBzbjctZE5fN3N2QVBGSGxrMFpnSUJYNzgxSVFsbkRySjgweXk2MkRnR2U0NkJ5ZW5vSWc1bE9Qbng4TzF4XzMxVFg2ZXdxMkhVOFl5VzFkb1NRWGhFQWUyQW41R0dKRDQ5bDJfMTFhRFpfUnhFdEV3ZjR1eHBRZ2U3YVZPSllNUUhEV0RXam9HTzQxT2JvOVNvbDl3RWdmZmpDc1JVekpBQjdXbFFUVjRMcHhMRVg3TVJxQjljT25hTG1jSHc4QVJm?oc=5
iOS 27,2026-09-17 19:45:00+00:00,How To Install iOS 27 (And What Will Change If You Do) - SlashGear,SlashGear,https://news.google.com/rss/articles/CBMid0FVX3lxTE9MT2xyRDZhaElERkJmVkhMNGF0dFlKZEVIZjNFUlVqcGFfSjR0Vk5RdWp5dHVnbjRGNTBIQ0tRTHJMQjVYRFh2R3U0LU5GdGZPbkF1RnU5M0dXd0I0MGtwUkVtQmo1ZFpoNGVVM1BRZUlCTy1ERlVZ?oc=5
macOS 27,2026-09-17 19:55:57+00:00,macOS 27 Siri AI Features: What's New and Who Can Use It - Gadget Hacks,Gadget Hacks,https://news.google.com/rss/articles/CBMilAFBVV95cUxNTlJnUUotd2RWcmVodzV1R3huZ1RpMUJtMHVDWnIwaDVqY2I1X20xM1hnSzY0S3ZtU2NtZExTbUdrcG10QXpUR3VGRG93MnJra3RUR0tvV3Z5WnQycTFCSzFrQ0xLM1Q3cklxQ1JBcmVacWV1TERuY2VSNHZqYXVsQ05IQ3p2U0ltZmZnMVFkM0NjU25n?oc=5
iPadOS 27,2026-09-17 20:03:00+00:00,"PDF Expert update adds handwriting recognition, expands Apple Pencil support, more - 9to5Mac",9to5Mac,https://news.google.com/rss/articles/CBMisgFBVV95cUxNMmpFMXJ6YzdrenB4cE5ZU3JsNVM3MC0xZ18xMUk3cDRLSUxRbkJnWkZobzJZX3RKN1lFX1lQbjBVMVJ0RV9ZX3J6ejNBUWNFODJzX1lmTGhLWERheGVFRjRNSGFMREtQTFc3TjF6aWZxcjFnOHRvZnpCQnMyb0RCb1ZLaDU3TFRseXhsdW5HSDlOUWxCekZTNkZsNjhxZm1VYlVEcjAyUC1hVkVRa2V5Y2dR?oc=5
Apple Intelligence,2026-09-17 20:05:00+00:00,iCloud+ subscribers just got new benefits in iOS 27 - 9to5Mac,9to5Mac,https://news.google.com/rss/articles/CBMiigFBVV95cUxNQk0yTUJ3RkFuZk9Nb29VOE9fMTF0REJGZDJxRExJSUdfNWtXYjZPMkdVNWQzYVFrNDZ2R05RTFBUNXR1SGlTVjZjWWxXOFhKVnZaWW5DRnFnV1prS1N1Vm5uU0VXYTRocVlQVXJ3QTg2RGxpaUhRNVI5RVRKYjBiU1JvVXcxazVnZXc?oc=5
iOS 27,2026-09-17 20:16:18+00:00,"If you can't access some of iOS 27's new CarPlay features, you're not alone - Pocket-lint",Pocket-lint,https://news.google.com/rss/articles/CBMieEFVX3lxTE9TQjQyYWVMTG92QXlqV1FVRGh0ZzVjbDczRWpKdTdKZ0o4bnJhNS1YSHZCSU9ya25wSW1PWmlvWmE3TmZyVTZDWHM4UVV6TEhqWFVZMGRwME1VaUtlTEJrS0JYdGw1blVFZnZFRXlibEZFUEJqX05fYQ?oc=5
macOS 27,2026-09-17 20:17:59+00:00,macOS 27 deprecates encrypted HFS+ drives: Here’s how to check your backups - The Mac Observer,The Mac Observer,https://news.google.com/rss/articles/CBMimwFBVV95cUxPZTc5V0dNRkUyakVDUXd4R1hKOTRiN0VtdDR0RVhIbVVZS1p0a1h1U0JuVHVuakQwb1VHczAxSVEyeEZFZzRmVU1HNzJCdVVCVDloOUR0a3JBYVFxRUlYeU1UZUpZLXoxQkg0aUd2TE5uXzVVRUtlQk5DT045QUhWZjdzNzJrS0xuc3hpSWxnakJTS29BM296NC1NYw?oc=5
Android 17,2026-09-17 20:29:24+00:00,Android 17 adds new ‘Continue activity’ settings hub ahead of Googlebook launch - chromeunboxed.com,chromeunboxed.com,https://news.google.com/rss/articles/CBMipwFBVV95cUxQbUdmZDhBcEhwbmtJVW9ob0M2MDVZYW9ZS2cxckJaVTRRUGFlSDJpZTZ2b1BoOHhUMGQ5cE1keWZxZkMzajlDMXV3aGJrMUg3TFNfVlJVMjdSbWwta1BSR2U1UktEbVlDVGxpN0V3Y0JMc3ZtMlNzV1REdjJkR3RWdTNzcDg1RGliMDhnOFhWeEtoU1ljeXVDVFh6c3J6Q1ozU3F5ZENWbw?oc=5
Android 17,2026-09-17 21:23:54+00:00,Android 17 QPR1 has a change GrapheneOS thinks Google's lawyers should know about - PhoneArena,PhoneArena,https://news.google.com/rss/articles/CBMivgFBVV95cUxOV1RVOHJwZmlmMkF4cUpadGdacmVsOUxGNnkwREJXMVVNclFHVHZvZzZCc3VBcThUd0FlVTBXbWMwNWJCRXZ2Zy1UT0pwU0t1aTJpNVp6c0U5QTZ1VmxRcm5qOFdURF9JU1ZKc3BMRjh6YzR0STJJcXl0a2cwWUFrNWRRYWxleUg5QWgzZXNXQjY0Qjc3bDFfaUEzcG5pLWVDT3Y0RWNUUGdpdVJ1dnJ3M3BUNGRjb3hFQzVqdmt3?oc=5
Android 17,2026-09-17 21:25:51+00:00,Motorola Edge 70 Finally Gets the Stable Android 17 Update - Android Headlines,Android Headlines,https://news.google.com/rss/articles/CBMipwFBVV95cUxNR18xakdCeUlBY1RPU0ZJd1BaSzZMODBWM3dIbWRzTm50YnFWa2JxbU5iNXRObkwtSmh6M1FkanpONnlLUVJNNkNKbDJMTGU4ci1sMkd0MFd1TEJoXzJ3cER6MVZtRFBydUxWbjVHa2xOM2J1YXFHTmpQRktXc2xjOC1KYWtZOE12MXNBZTBYOVEybzRFMGdxbTFuQ3RCeW5zZ2ZrLVhhSQ?oc=5
macOS 27,2026-09-17 21:52:00+00:00,macOS 27: What’s new for the Photos app? - 9to5Mac,9to5Mac,https://news.google.com/rss/articles/CBMieEFVX3lxTFBDakxnT2JvZHRJU1YxMXNua0c3UTFMdlFDVGYyYXZoYkMxdHRjY1Z5aFd4X083M2lPVDFaalB1VlBlUDNPM3Fpdkl0d3N6bzVySlVCVmRYZkpDREFPaTVlcjkzY3RUZ2Z1WjNQZl9kZDU1QXQ2SU9pRQ?oc=5
Android 17,2026-09-17 23:01:59+00:00,Android 17 QPR2 Beta 5: key changes - NeoTeo,NeoTeo,https://news.google.com/rss/articles/CBMimwFBVV95cUxOX0tPZGRGR0FlSHhWRHFseGV2Rk1waHNNd05qMXNRazVWMDA3X0RMNVdrN0xyVW50alpFa3NNaW5ndUtFLWJ1RUpWX0hSVTE1QnpOSGk5NXI5NXltaDNuUDRtSVYyMlRrcnRJWmdQdV9qZDdtbzV1U3c0S28yaVNKU1JIV2RFTXdhOTFhdWJnaWNWRXpvWFdZOG5tMA?oc=5
Apple Intelligence,2026-09-17 23:03:12+00:00,Apple Watch Series 12 Is Becoming The AI Wearable You Already Own - WeRSM,WeRSM,https://news.google.com/rss/articles/CBMia0FVX3lxTE14LXp3RFhvVVd6VXhRQnFSYldZaVBwTk1wWE1WQ2QxUzk4RndLcDU1Ul9IcXlVSW9TX21jcnJNVWtLRlNBWUZMeEt3TGs0SVAxTGxmcEtqNTNlUTlRR3F2SXBYZlBDSE1HSXFJ?oc=5
Android 17,2026-09-17 23:09:00+00:00,Google Keep update tweaks the homescreen widget on Android - 9to5Google,9to5Google,https://news.google.com/rss/articles/CBMia0FVX3lxTE56Y0otMnUtdU1EeU9fWFpPTnlxUHlDaFQzZzV1LUVuU195eUgzNGxlWGIzSWVRemlDbENQNWNRUE5mZmlNRmxyTnEycVdoUHJ1ZWxETy1FZG81M2ZDYjR4VWI2WmUzOXNtT0FB?oc=5
Apple Intelligence,2026-09-18 00:53:54+00:00,What Apple (AAPL)'s iPhone 18 Launch Means For Shareholders - simplywall.st,simplywall.st,https://news.google.com/rss/articles/CBMitwFBVV95cUxOSVVnY25SMnRScXBkSW42a1QxaXhUZVF2ekc5bDRBM3duMXFRSWRlclp1SC0xMTZSVl9UemJJa08xMWJYMnRZYjJYdlJCaW1CSkJHMmszTjhHcGJrNmRjVU5JNW5wT2IyV3NIb0FEWEp6WFQ1OTczbkJUU29ibTFEbjZqZmdfNVZ6V3RSVkxQQXRXN1UxRUh6RmtDTlNqOVFMOXNBcGdHQTRSQWF0R2x0Y040ZWwzOWvSAbwBQVVfeXFMT3hGdUtSd1dycVJtNHhmNGxoU0RLTTNsV3FidUw5SE9TandNT0hsazlaTDZsWTJnbDg3T2pFVllpZUlKck91QkdjZ0M3UTJJSFpXbzRUWG1jS2x5UkI3QTB6ak42ajV3bFdRM1hwVjFDZV9WMTB0TmFQZGlzTlhCaXBCdmdYenJiM3BXSENoR0lqVDYtRjFIeWZHbnlaZ1hDbU9kdHFCb3k5MjY3S2tja2JJUzF0U2VienExUTA?oc=5
Apple Intelligence,2026-09-18 03:33:50+00:00,Apple Launches Siri AI With New Apple Intelligence Models ... - eenewseurope.com,eenewseurope.com,https://news.google.com/rss/articles/CBMilAFBVV95cUxNSDAyYkNMcUNSbEc1QlcxN0pqTEpoUmFDR1lXZ29VTVU5b05wVUwtUDgzUnZ2b3JQSzlZR0dsZk1lYmZRRjE2UDdkWFBoOU4wR0pNSWdTQmhRVGYtUjAwT3BmUGlySVJOX2Q4QUhra3RFeU9RZFpad09sSmdGaVItV2dfTHc3R2otZ1dyRUpyWmJDVG9Q?oc=5
iOS 27,2026-09-18 04:00:00+00:00,iOS 27 Vs iOS 26.7—Here’s Which iPhone Update To Choose - Forbes,Forbes,https://news.google.com/rss/articles/CBMirwFBVV95cUxQb1ZFZC1kR2Y3T1ZrQlVoU0habWg2UGFuNFdlVFdrZGtqd1RGQmU5eE5PRTB4ejliUTliQWJHY0xHU1F0M0pXUmIwcHJCZVhDa0p5ZTNoVEVEM0xNM3kyWUcxRjhVYmJGdmg4VC1VcEhub1FkbzlSSVRoVS1jdVA1WTE3QmtsTFNDMUJIbUZpb1JLdVk3TE1ibjg0THF1aUhvYlUyRTNDR01lVDQwTDBr?oc=5
Apple Intelligence,2026-09-18 04:17:33+00:00,"Apple AirPods 5 Review: The Best AirPods for Most People, Now With Superb Sound - PCMag Middle East",PCMag Middle East,https://news.google.com/rss/articles/CBMiugFBVV95cUxPVmlqSTJKbVNDX1U1VDFRNkVvZGh3aV84aW9CN0VKR3RQNTBiQ3dZanh4TXFVaWpyU3ZibHd5NHhTd1lzLWw1QWxQQmhka2hYUDFwZzBGdkxEUUhrdE44NWpuMVNQWUJjUGcxb2I0RzU3T2FRQ0pXbjk1OFEwZmxranlVQXFGbDBYT2FBMmJqOE9CakNQWXRrazhKYkIzSlIzNl9IX0I3SVNZeENRcnRVWmdabDdnamdZTVE?oc=5
Apple Intelligence,2026-09-18 06:46:31+00:00,Hands-On Review: Apple Finally Stops Playing Safe With Watch Ultra 4 - Man of Many,Man of Many,https://news.google.com/rss/articles/CBMiY0FVX3lxTE5VRGZ1b0UxT1FuaGJfQUxscDhRMkdRcThGYjduUVhVc01Wa09sVU84cE5jNk9ZN0s5TFdnVGZldF9CVFFUTWF2WC05R1NTTEVIbDVXeF8wWG04WXVkUU1kN3Nvcw?oc=5
Android 17,2026-09-18 06:54:18+00:00,Oppo Unveils ColorOS 17 (Android 17): Eligible Devices and Release Dates - Nokiamob,Nokiamob,https://news.google.com/rss/articles/CBMiogFBVV95cUxPWGFOczJUeUFiZkZzQ0JuUlVvYzc3VjVBRmlPTWJXRDVLQ3c0MWtGSF9QWENwQ1BIcTkwUDZzV1h2SlZqb2xSRGtYdzZnb1FwdWRVRk1HYngtR0NQMzMzY3R4MzNMNzRZbGZqbXdMY1hqX0lqdmJPekd4dVpLdi1NLWxvdWMyMTZEYmJTSGdUVlJnNmVUcnViQ0JRTjNJYnpHRkE?oc=5
Android 17,2026-09-18 08:10:00+00:00,One of the Pixel 11’s exclusive features is already showing up on Pixel 10 - Android Authority,Android Authority,https://news.google.com/rss/articles/CBMiggFBVV95cUxPVkhta0o2ZDhyOGxnX0JWMVZSY1ZSdzJKRklNX0JiVXRBYlIzTWhoSjItdWtHdkpuTmNOQXFGeEdVNFJHM3hGc1dvYkk0VkFpZUdJSlVuQmNQNjNvcGVBQzVkLWtRQUVTMVJpZFFGcFBwOHc3aTY3N3FZTkItTGdyc0RB?oc=5
iOS 27,2026-09-18 10:00:00+00:00,What ‘Optimizing Search and Siri’ Means in iOS 27 and How to Speed It Up - CNET,CNET,https://news.google.com/rss/articles/CBMihwFBVV95cUxON2VhelRqcndndk1Dd2d3bjFZQ1k5cFhGT0ZLT01RSE0ydjhZUXZlY1pzU0YzdmYybm1ZeFJTV2dDMjFkSFBMVzREbHpFVW9iNFotQUVIUmNFaTdmZzA1LW1hVlhidi1IY2pMN0s4a3VKZ3BfeWFOb0lMU3hRd3E5UWxwb1FSa0E?oc=5
Apple Intelligence,2026-09-18 10:11:03+00:00,How to Use Visual Intelligence on macOS Golden Gate - Gadget Hacks,Gadget Hacks,https://news.google.com/rss/articles/CBMikwFBVV95cUxPcFJ6bmMyU0x2YURudEsydm5KQTNya1BtZ01udUdWVHhEQ0pqblNYX3BnXzh4M0hJRXVZVzRTaGhkcjZrTVlvcTdraHRvNXViczBfY2ZvQUc2NGQ4d3pBWXoyZmhJXzFETlphSUZYUEJYSmlzM0xoNkttVnhCaUlZMEI0MmJ2MUp4SERJaWtSc1lGSU0?oc=5
iOS 27,2026-09-18 11:00:18+00:00,"The New iOS Update Asks 1 Question You Need To Think About Carefully Before Agreeing, Privacy Experts Say - HuffPost",HuffPost,https://news.google.com/rss/articles/CBMiiAFBVV95cUxQTFZoQkdMU2xWVWNYbTVSOWFzNWxPcEl4ZDhZdmk2bUdqak5feVVST1VfWDFkbnloWHRfeDdjZTQ3bFU0S2k3ZXhZQ3FEcXAtU0psdGxsdklWbnB1ZHBsblBvdzdJandrakpCSjJLX1pWVGFBNDhyeUl3WGpFU1ZhbHhTdmZYc3J20gGOAUFVX3lxTE1MMzI1STlMSjQ1NTRNVlQtTHh4RGxIWHhWa05lSGdzN3VKeS1Rd2k4em96MHlQTVBIOUYyRnR0LUI0ZjlIWHhBMUhoaC1yT3dNS0dnZ0FpMHZOYTY5WmJ2RHlicHNGcXozdGFvZ1BTU2RQdTVoZzkzV1B1VDRZVURUY0pOTWJQZ0Rkb1h1eVE?oc=5
macOS 27,2026-09-18 11:09:00+00:00,How to use Visual Intelligence in macOS 27 Golden Gate (which seems kinda buggy) - MacTech.com,MacTech.com,https://news.google.com/rss/articles/CBMitAFBVV95cUxQb3M5ckNGTHItVGxjRldBaVBMNDJLUUV6R1dHSEVjaFJlQno4WUdrU05kYm9WUnRyQklkNlBPRTJkbTVzOUEzb0tnSjUtOGhZY0ZNNVNPOUJEbnhvNVNLaDY4c0RJZmNzcWp0UGZnLTdSenQ1WEtYTXN2U0h5Z08tRU9rUDNoWnRlcXkxcHdtanNLSnlPTTJ4cHhQanZiZnJFcjFvNVdrXzBBcnRVZDdzRlJucWk?oc=5
iOS 27,2026-09-18 11:40:00+00:00,iOS 27: My favorite new iPhone features (other than AI) - 9to5Mac,9to5Mac,https://news.google.com/rss/articles/CBMijAFBVV95cUxOcXQwa0NNaWxUajhWMUFFLXByR0Y4Y3d4b2ZrYkdDVUJ4dXkyZnBpQ01sYnJtLXg1WFp0bTRfejh3cV9STEJwVjB2QzdxdzdXTFd5bDkxZnBDZG5MaDgzQks3LUotOHV4LVN6U2R5dGpiWDhKamMyVWIxekVFd1hiSVh2a3dDYWpwWEpwTw?oc=5
Apple Intelligence,2026-09-18 11:41:55+00:00,Apple launches 'privacy-first' AI upgrade to Siri – but it won't be available in the EU - IT Pro,IT Pro,https://news.google.com/rss/articles/CBMiuwFBVV95cUxQb28wSnBrREpMVkZDMnRqdV9SSVBZVUkwcUlBZ0FsVGY4RXdFVmtmNk53VzRXMy1uQjAyZHhKbU9xSElKbDZScEh2UFhOMVhrYkY4a3BpT3R4RjdwRVdtOGJscFBXNmdzaVhKSWhYWWVFUXhZZVJWTFNvMUlBVjhjQ1ZnVUdaQjZjNGlvemFVZ2xsa0twYkNLaDhTSE54clhvdDZCWGg2WUR6NHNJUmVSaGhMVjJhTTl0a09j?oc=5
iOS 27,2026-09-18 12:00:00+00:00,Best iOS 27 tricks to try now (even with an old iPhone) - Mashable,Mashable,https://news.google.com/rss/articles/CBMic0FVX3lxTE5Ua0dCUHdtX1YzanIwMk4wVHJ6WWpaY0t6TTlaQkRGUkljWkdZMXhNZXotX19CaEhrNndCbDNYUDl3RlQzREZGekdTZHlZV3FPWW9ZdGMwLUNhX1pFcTBsRktnNkJHUDd5SmZwSUdpM0UxUXc?oc=5
Android 17,2026-09-18 12:20:46+00:00,Android 17: These Samsung Galaxy phones are now getting the One UI 9 upgrade - Tech Advisor,Tech Advisor,https://news.google.com/rss/articles/CBMiwgFBVV95cUxOWG1oMFRlczhxUVVIUUxFYi1kOUl0ZGd6WFZENXFVUDNJanZwOGdraHBjeEg5d28ybkRLNEZWYUhBSFB0QXU4SkU3TGNnV3l2UHRlNTUyREx2UDBQNTB1Q2VzRF82akdDMExKLWZSTVE1RjdoUlZsN1lzdUJCdmNlaUZCQXRYR0IzYTBEbGRTQzlRbnRrd3lJUUxDNVZrX3VDRGN3bWQ4WTFYZG9hRC1PaGRlUElXU3JPcTMyeUtKbmMtUQ?oc=5
Apple Intelligence,2026-09-18 12:50:22+00:00,Everything you need to know about Apple’s new Health app - The Apple Post,The Apple Post,https://news.google.com/rss/articles/CBMipAFBVV95cUxOYW9hRmpVTEVLLWxjNmxzb05RWmxIYlhTYnNtOVM0MU40Q2NoSjVhTVg4LWt1LWljQzc3dHhIMzdCVW4tT1RoTFlZMms5UDU3U3V6Mzh6cGRFamZXLXBZZFU4TzJVR2l3VDlzem03RGVNcC1FdThpTXNFSzl2ZmM2VVRkWlMzMlNBaUlNeFJraVJiQXJYZkdpNGY1OF84eTRNQjRNYtIBqgFBVV95cUxQMlpPT09zYnNQekV2SXltZkNZR0gtZnA4dkJUXzhGOFVfQnl6eUp5QXVhVlM0QUVEUE1fbnpBTlhJM293M0ktTkQ2bldWU3paNjFVUG5SRkt1d0lYUXRjSGF4cWJRSWdKclRLQjhzY2c5QlFneGVrR29jQlRvWS1IcjRuYWlDcTdBc2xsSHZyeWtxS0U1SDRDUUcxUlctcmNtSkNHT2g5RUJXdw?oc=5
Apple Intelligence,2026-09-18 13:31:31+00:00,"watchOS 27 kills the Digital Crown double-click, and Apple Watch owners aren’t happy - Yahoo Tech",Yahoo Tech,https://news.google.com/rss/articles/CBMioAFBVV95cUxNcTVZWTJYRS00dDVleEROZEwzOVpXU09EdXpwVDVfYXVxOVBkUjU4cWhobjdyTVd5NTZQb1A5Q2JSYzNkems0YTNhZElsSWFXUktic2ktVE1JUkNtOURsaUNHaVAyZmVhQU9pSUptSWNnS21DQVppSWlVOWM3Nk90c29CVjNKMll0NTZsYUhyOS14bmdUWW1ZM1pBMnFjWWFK?oc=5
iOS 27,2026-09-18 13:43:45+00:00,iPhone 18 Pro: The New Features You Should Try First - MacRumors,MacRumors,https://news.google.com/rss/articles/CBMiekFVX3lxTE82SERaSnFaNTVuZXQwUDNWMlJsZzRPU3FTd1BKWVdWUm1hTHRuZUVvYm1fbWRHaEE3WlVFUENMdndpVFNoSmRWX19wcGVXbEt4Z1FmaFVaNlhEVnpmODZRT3hZSWNnRGtHMmM2c3AxamVTcnB1QWtKblhR?oc=5
iOS 27,2026-09-18 13:54:39+00:00,iOS 27—Apple Just Gave iPhone Users 120 Reasons To Update Now - Forbes,Forbes,https://news.google.com/rss/articles/CBMiugFBVV95cUxQNFNoYTRUdXRLSW03M2NxaXd0UURWVzhCOTZrYW9SV29rOFV5UnFIUjJ3am1RaElPX0RKT3luMVR6dzk0UF9zTERiWjhWZDVmdEl0TGFTVHBOeHlhLVVuQmNnWGc4eG55X0RXU0t2MExiRy0yZUxlUmNFT1lVMFFnSUVRMFBuUWVRdFRfZFBxMlE2cEJ6c3NYaG1PT1Q4WWRiWS1KOHUtOWJmbXhyVHBydGN0N3RMYm43VEE?oc=5
iOS 27,2026-09-18 14:08:00+00:00,Apple Music in iOS 27: Five new features just added for iPhone - 9to5Mac,9to5Mac,https://news.google.com/rss/articles/CBMihAFBVV95cUxPdVZhX2lONmhLZ0ZxTWRYNzY5X1pONTVGMTVVZF9md3JXSFNrdjBxZVRwdl9xVDlKWU5YNTJBYUE2alJZd3Q0WFFYdHNzcXJHbFhZYXdTSTVpMUxNRXl4cUJuVFduYVdTS2ZWUHZrR3A3YzBSS3NHZ0ZfVkEwVWw2cXp5azY?oc=5
iOS 27,2026-09-18 14:21:51+00:00,Apple Quietly Made a Crucial iPhone App Even Better - gearpatrol.com,gearpatrol.com,https://news.google.com/rss/articles/CBMie0FVX3lxTE80dlVjbm9lQ2tZTTNicUNUTGp2djR6RVdJNXpUMjlHN0xyd3BHOF9qYmlqNXZjYjU3Q2drNmNWSnNFWGVKUWVlX1VvRE9ORnhROG5Hb29ZREZXc25SUV95UHkzR1FlS1VSSnluZW93a0J0X0lETUFfdWgwdw?oc=5
Android 17,2026-09-18 14:21:55+00:00,GrapheneOS Isn't Happy With Google Over Pixel's Widening Head Start - It's FOSS,It's FOSS,https://news.google.com/rss/articles/CBMia0FVX3lxTE5XVWswV1dCV0tCbVRsNzA5SlFLMXd6Wm43RnNRQTBXbkV1TFNvalhmd0cwR2NSdlZSTlZ5Q2dDOVoyU1U0Qm9oZjlNZzVsZXVteXhJcFdMU1ZEcjVwZWtHd1ZadlVSdnFyQU5v?oc=5
iOS 27,2026-09-18 14:30:00+00:00,This New iOS 27 Feature May Save You From Getting Scammed - Lifehacker,Lifehacker,https://news.google.com/rss/articles/CBMijgFBVV95cUxPdDJ4ODBhZ19QTEF3XzRib0g4VVhONmZzeEdnQmQ4aUhPTTdVYmdKTGJzbTJUWDJFcXl3N3YzWFYwT1hSbTRKMWtwZkt3Uk5tVGx2MDRIV3hyQXVGVjQ4UVBoUjlCb0JhZ3VfTk03aEFFQU9HcVhiSUFkX3lPVDFRODZrb3Z3Q250NXc4andn?oc=5
iOS 27,2026-09-18 14:52:00+00:00,Apple Intelligence now requires almost double the iPhone storage on latest models - 9to5Mac,9to5Mac,https://news.google.com/rss/articles/CBMiswFBVV95cUxQZWk5cko1LWVjU2xNOVRIbXhfQl9sMlQ1VU12QzJPaFVEYzVQX1RrdHlkelFNS2hhN3dYeDBNTkVXZ0xaYWFFX2VkRkpabnhDZ1djNmlDT0Nja05jUzNIY1pMLVFIOE9ZTUF1S3JXNHYyVVhqMHFSdUdvcXEwcUk4TjNaYlJnNkpueExEX3NnMktST2cxaGlDVldWdnhJVEVPSGVyTlc0ci1SblNucGpCSG1TTQ?oc=5
Apple Intelligence,2026-09-18 15:17:56+00:00,"Siri AI vs ChatGPT: I gave iOS 27’s new assistant 5 jobs I rely on ChatGPT Voice for, and it’s changing how I use AI - TechRadar",TechRadar,https://news.google.com/rss/articles/CBMingJBVV95cUxQMGtrZjNnSi01YVlTSloxQlN5Z0dOVG9QMjgxZ2lqaVdueHFKTW9McXNzSElvYXV0YkRrQ2tYRVVTcXBRR2JJMTc4N1JGNWt1X3N0RnVRdC1WTGI5LTZzSWx1NlhtS3AxSlgycnMyMWtWcDNxazFGeWxVRE14eFJpd2VfSVFpTTFQVmZYNWJ4QVBaZmJEbDgwbE1xV2JEOGU0a00wODZkWlNEbGNwQkZlbV8yUGdrZU82M2tKZmQzdTd6WnN1dVhDOWwzdXYwX2d5d2dkSHBSVU9mekFGTFZna010Z2RaVThTSGZudi1PNFVKWnR5ZjRGSm5Ma1BSR2pOUzRGTUp6a1hVMEhGazlZRkduQWcwTjF1Q0FYQm93?oc=5
Apple Intelligence,2026-09-18 15:17:56+00:00,"Siri AI vs ChatGPT: I gave iOS 27’s new assistant 5 jobs I rely on ChatGPT Voice for, and it’s changing how I use AI - Yahoo Tech",Yahoo Tech,https://news.google.com/rss/articles/CBMilwFBVV95cUxNbXBCVS1RZDVDcl9HVUNaallTbTFjS1JrdEpFcUFpUVlnYUJLdHo5MWdCZ2VEdkVmaGVBamszeFEzV09mcGhRZlNKbnZiV1BWQ1ZTVU91Z1UwQWdfUzJrd2ZNZFl2Z19LME9xUGlRVzlzTDBkUzZCcjBQdEVMU3RNRElMOEczV0dqdzJPLVp3ZV91cVNITWRr?oc=5
Apple Intelligence,2026-09-18 15:22:46+00:00,Siri app vs. Hey Siri: how to get more from Siri AI - AppleInsider,AppleInsider,https://news.google.com/rss/articles/CBMilgFBVV95cUxPRVFEbXcxamZFNDczVlUyNkxLaXY4LWUxeFdUaWsxRXFaUktCVWdtZE1HVkxBNEltZFJTeGRBWUJVWS1mVW1JSEI1R19WbFRFbkt1UFMzOWFVU2lzVEstYVYyNzZLTDRZZ1dwa0hwVVJhY0NfTGNqT1ZZaFVwTU1BQXFMRVR1WDhhZG1WTURpNmR4Zm1kTGc?oc=5
Apple Intelligence,2026-09-18 15:39:47+00:00,ICYMI: Apple is charging up to $60 a month for Apple Intelligence features on HomeKit cameras. - The Verge,The Verge,https://news.google.com/rss/articles/CBMixwFBVV95cUxQR0w5Ti1kZTBKY0lzb2ZkT2M2T1BiNWlsYkxPa05yXzVRREE0TDRZVXZPQTZTWUVhYWxrcWdnaDNoS215NFdlTmNPeUthTmJsMklCQ2hlMWN1M3ZrbEY0ekhUOERNRkRWalBELW5kcHVVOTVCWjFHNDMyenZmY19xSWRlZ2VuR0ttbTdUUXRpYTQ2NkFpbnJQYXpIc0dZcGR4czBPOHpmT2M1MVdKVHBvUE9UZHFydGluWDJRQ3NHaFY4ektVcXVN?oc=5
Apple Intelligence,2026-09-18 16:12:45+00:00,"With Siri Recap, Apple threw a punch at OpenAI no one saw coming - Computerworld",Computerworld,https://news.google.com/rss/articles/CBMitAFBVV95cUxOY3lWY1diZ2I5dG5aY2NCbGlHVHpSMUxnLWNqM1lEVnpHUDEyQ09HbFE0RVh4ZFFtS0w1T3ZqclItNmhMbkZkcnI3OG85VU1mT19GVl9YaTRHWWpaNDRCMURhRG84ZHl4M01ldXF0Zi1RcTMzem80eGFQeWthOWgwOFc2VG9idVpNUVBiaF9oX1NRdkttVXNVb2ZLOXJJMDliOGE0RzBXcmtfUTZWYWZlNEFqalg?oc=5
iOS 27,2026-09-18 16:13:00+00:00,iOS 27.2’s First Developer Beta Brings These Features to Some iPhones - CNET,CNET,https://news.google.com/rss/articles/CBMiekFVX3lxTE9oR19qRWlFZ0tlQUlfSVNZN3dHMzQ2R2p3d3dGOWFJbjlmcF9kS2xBTVd5bmdsQkY0OUUxVnNQZlNnUGI5Y2JMVmV1a1QyQVFUX29uRDd3b1dnbTZHTVNXcV9ESVRKejNYY1NWTGdNRS16Y0NJa1oxQ2t3?oc=5
iOS 27,2026-09-18 16:14:00+00:00,iOS 27’s Wallet app adds feature that will make you want to use Apple Cash - 9to5Mac,9to5Mac,https://news.google.com/rss/articles/CBMiqAFBVV95cUxQWEFBZ0R0UERlbnpvR3ZCRWZ1SXZINFZmWFgzaUdVTWRvY3BqclVKVXBtYWlsa2FVWXBzVHQ2aEFvdGVDSXR2VG1fSVNPMWtyVFNacWFmMTlfSklwQ2lRX2FxZ25pSENnTl9sX2c5akJwa2dYWWlIQklZeElmZ01MQnpEVllPMTlCYlI4QVh0U3o1Ykh1QUZ2VWRxTGg1NEZ0cWhxczRjXzc?oc=5
Apple Intelligence,2026-09-18 16:28:11+00:00,Apple Intelligence and Siri AI require 14GB of free space on select iPhone models - TweakTown,TweakTown,https://news.google.com/rss/articles/CBMiygFBVV95cUxQWXVsUHRBRGRCMjIwTTZ0TnNJM1RwZ3o1SW83UGdUWGZEUFVfWEtzU1dRRWtReURLTmpUbUtBVHZJMW45T21LUnVQMHlkSi1Ia1l0d2FUYWhrSl92ZGE5SGlZWEZLUDhBcm1ZY3FPMGNJQzdCRFNPWjNLblFCLUdlZVZnc3FOa1A3YThqVUtXM0N6WHlrWTZUbkJuUUhEa0tUcmxkMnE5NlUyZnltZl96WENjZURIYnhZOURPRHE1Mzc5eFpsX2tiWWJ3?oc=5
Apple Intelligence,2026-09-18 16:35:40+00:00,"iPhone Duo AppleCare Fees Listed, Fold Repair Costs Still Missing - Yahoo Tech",Yahoo Tech,https://news.google.com/rss/articles/CBMiowFBVV95cUxQbVlaWDJsQUNVNmVnb19qTnRqVzYxSnBLQjU5RWtjRXhjRmh2NTh5YjIwc2Z3azJvMS1ZWndyLUh2NFFmQUhYTkJZY0xuMVJPTmFfRVc0Qll6aGctai0wMUo3cFVISkprdTI2N2xHYXgyOW8yLWRiYlhJTkN6NnF6c2NyYWp3U1JwQ0x3TExmeFhxbllkU190R09WRmwzSVdBRXJV?oc=5
Android 17,2026-09-18 16:58:00+00:00,Clicks Communicator surprise spec bump asks 'what RAM crisis?' - Android Authority,Android Authority,https://news.google.com/rss/articles/CBMimwFBVV95cUxOLXdzeko5QjJKQWxlM1JXc0dDVUxrbWkzZl83OGt3MTZUN3ltVDZzTTF2YmZyUHRSRXk5ejB3S2llVVhBT3ZfeXhFQm9jcWtvb1VVZEVaSWI4YVYzelJLaXdJNjBTZlh1eDFfbkdFZnlpZnY5N3VrdU1iaVpzTnBsNGU3cEFqSko5SzcyaWd3dkpuaHBuUmFMWE1YRQ?oc=5
Apple Intelligence,2026-09-18 17:01:00+00:00,"I Got the Inside Scoop on Apple’s New Health App, Now in Developer Beta - CNET",CNET,https://news.google.com/rss/articles/CBMigwFBVV95cUxOeGwxOWtXMGZKYnRiOEczaTVoeFlQckZ2OWFucGFneUlMSXMxSnJnTXNyZGxpNjRVaTdqLWFjeVVtX0hxT0J4ZGExUG1xLXE5MXI1MTdKS3hRNWYxTTh4QklLeUxfSm8zUWlXNjFUa0N5M0VjTU1oWnp5WDMtbmJzUTdpNA?oc=5
macOS 27,2026-09-18 17:24:40+00:00,macOS 27 Photos App New Features: What's Confirmed - Gadget Hacks,Gadget Hacks,https://news.google.com/rss/articles/CBMijAFBVV95cUxNNFhSd3BFbGxheHY3Zkx5QjNVako4Y0lMQnN4T0FfN3JTZVJJNENuMnpaajc3NG4tOVZWZWc1NmtnR3FHUUdYbGtqLWk1SGxiMVdGUDQyN2RaMGlmcGI1dWlLS1M0NGlGWWR0MHI1ZlB1OUZHczU2XzZGMEhnbkp0ejlfdnRwN0hEV2hkSA?oc=5
Android 17,2026-09-18 17:42:00+00:00,Android 17 QPR1 fixes a major headache for enthusiasts - Android Authority,Android Authority,https://news.google.com/rss/articles/CBMiggFBVV95cUxQb0FYNE16SElEQkF5V3d0Q2hfZFd1Vm9pVjBod0t3eDh4UzNfbUxXQlAyZ1RidXkwWF9ZUm1xaDRsb3g3RVh0ejNoXzhMMkd2MldQQzBkUU4yVjFMSDFNY29ITThmc0pXS2lzOVFPZm9lX2lUdFJaUVctbTF2Z3NybHpR?oc=5
Apple Intelligence,2026-09-18 17:43:08+00:00,"The latest iPhone, Apple Watch, and AirPods lineups arrive in stores worldwide - Apple",Apple,https://news.google.com/rss/articles/CBMitwFBVV95cUxNUjRHeTZUSnUyXzZYN3VDYW9LNWZsTU8xOUdkeGVRU3A5NUxjb1h1bWJlWTBVaUhDREhtUzI5MTBubWVZbUtzZ1ZXVUZkVUFrM3RkVFp3dFh3UWhmWC1sc1JsbUg4STgzRlcwMXRZUGR5TVN5bkt3RFdsX3FGZ3g1NDNRTlFRVlFEbG9ac1hFWUNlTXhXd1Nud3duRFBFd2RMU3VQNlNKWjZyRlBsUlJsUHNqYWZ1ZEE?oc=5
Apple Intelligence,2026-09-18 17:44:05+00:00,"Apple’s biggest gadgets just got an upgrade — here’s what’s actually new, plus what you can buy now - Yahoo Tech",Yahoo Tech,https://news.google.com/rss/articles/CBMioAFBVV95cUxOYW5Fa3lBdUNPRUFYSWN1LTBFZFlocFFGRnZBU1A0SXkwT2Zlb3FzUEh1ZnFvU25TM0tPYWs0Tl9YMWZqSHREX2FDMk02RW16eW1NTjBBQy1xOUlYTGVVd2p0ckkwQTVyWUNOUWtNUWpFUzJFNWlERlktR1JHVTREOVFlQ2dRR245Q0ZRcUVZbVZTQ0JNaUdEQ3loZGZKQ19J?oc=5
Apple Intelligence,2026-09-18 18:00:00+00:00,Target slashes the price of the Apple AirPods Pro 3 Wireless Earbuds - Syracuse.com,Syracuse.com,https://news.google.com/rss/articles/CBMitgFBVV95cUxQUGdPeE4tLUxsS2tkTS1aUXBvRndoR2dnVGphckJZYjNGYkV4OGRraDBna0RBNldMd1dZQWtRcC1xMzlzTnlrMlpGb29MQl9wRy1wNnJZenhEX09UeXlLU0dHMzRSeXpVRExqUDB2YlJhUkRSOXk1cE1vUGcxUm9kdU5pWEZUYkFOUmVWN3hvQ3h2LVFXMEZOTjl1QTRybmNoaVByUjhLSVRtVXhmM2RRblNBRG5lZ9IBygFBVV95cUxNajlSTmF6eWc2R3JFZlVjaDVLUG1ISGM4YXZfN25udHowVmJ0UWZpRnBzU2RnU3NWVXpKb1BDYmo5OGN4cmdodV9DNDhsTE5pOXl1Y0EzQlhaWHVHOFNyZ2J2a28xZHl3TG0tZjB5X3l6MHlZZDBzRTBvalRuY2p5OW91RUNNV3lEZVQ5NDhZVHplR2JGY3FiZEZta1kzZ0RCdzNqMVFSaXY1eEFkQl9vV1VqYm1uNWszNnh4c3BaRTdTZ2R0RU9JbkZn?oc=5
Apple Intelligence,2026-09-18 18:50:22+00:00,Apple's iPhone 18 goes on sale as customers line up at stores worldwide - Yahoo Tech,Yahoo Tech,https://news.google.com/rss/articles/CBMimwFBVV95cUxPMjdxbUxxTUJkZDBpbHlvbnlXaG5IVC1rY2VtX01uWUg0aVlKNEtpbTd1bjBKU0tzeTdVUnFKdXN0cDFVZ2twZWpZbjNEYUI5SEcxZ2tqNmVGOS10OU1KV0JjVF8xQnl4VjZ5Y3RJXzFPN2RxVTYzUG1qbGhXcW1kOEs4SkRscERVeUI1ZFA0Znd2aGgxdEVjZFZpTQ?oc=5
iOS 27,2026-09-18 18:56:00+00:00,"Apple Intelligence has 20+ brand new features in iOS 27, here’s the full list - 9to5Mac",9to5Mac,https://news.google.com/rss/articles/CBMiqgFBVV95cUxPMmhfWll6anBZT3p6Y2M2M0FmQmlNYUV5dnk4ZXJLWFNzRDVVSk4zV0pWdnI4bWRnY0J6WkhRVC1zR2pHMHRPSHRvYVpqYU9uOTFBVlUxR042aW1sYURybERsX29TZ3FCZGlubEVDRVRid1ZPWjVkbTNRNXBiSFh2UzlrZzdqdXpvZTlZQTN4VUhvTkp0N1FCRktmdXcteGg2czBqWlpYRmhHdw?oc=5
Apple Intelligence,2026-09-18 19:00:13+00:00,"Apple Loop: iIPhone 18 Pro Camera, iOS 27 Changes, M6 MacBook Benchmarks - Yahoo Tech",Yahoo Tech,https://news.google.com/rss/articles/CBMimgFBVV95cUxQVHFVSXcydXgtbndFNzJrYzBvSXZpcHBHT204QU43X2M3SklWMG1XWDAyVUxMZnVwb0VjWE5hY1Z5MUo4dkNUeVZqbnB5OGdjSkMzOXNuT25YZHV5bFZsOHkyekZUVnpic0tuZWdhbmJfLTZhTFZUa3p3LV8zckRzV3p1NnlXZEk5RFZXSHk1d1JxWjVUNld4TTd3?oc=5
Apple Intelligence,2026-09-18 19:12:53+00:00,"iPhone 18 Pro, Apple Watch Series 12 and AirPods 5 hit stores - Yahoo Tech",Yahoo Tech,https://news.google.com/rss/articles/CBMimgFBVV95cUxNU0laV3pIcVllaXRDd1pvVEVfMFNvNlM5RmVQMS1OTVN2M0wtMkZHUXNHYklFbHdHajhLY3QtQ1FreDN1SHpvcTVxTUUwV3BGYU5ESlAzUE5FcEU4ZXppVVRyaGhvYkhOc3VaUUprN3FjT1A5LTY1OTBBSzh0Z3cyYTNhS1dQdXFKckc5RTQxRGpmTXJKTGlPOEpn?oc=5
Apple Intelligence,2026-09-18 19:26:23+00:00,Apple iPhone 13 vs. iPhone 18: How Performance and Features Have Changed in 5 Years - PCMag,PCMag,https://news.google.com/rss/articles/CBMipwFBVV95cUxPVk5nZG1ILTJFSWNKS3JadkxNc01Wbk9CZzB6RFk4cGwtS1pyV0VtUjVyOWptdXI3bTZuV19IS2dwbDlDRDNNT0lUVkFBcF93X091cDRBcThseEV3RTVJeXFiY1NfTDMwNGQ4MmJXMGVtbTlTdGxPY3dnaFg4ZE01UVNCWDBoUDBwaEtQMWJReXItYjYtNTZqWi1XSlAwU0RpM1VHa2JSOA?oc=5
Android 17,2026-09-18 19:35:00+00:00,Is Android 17 QPR1 causing issues on your Pixel? - Android Authority,Android Authority,https://news.google.com/rss/articles/CBMickFVX3lxTFBRdmh4eGxGUHlGbk1BcVR2SkYwb3FQVFNXNzI0ZVhsdloxOEJ0X0pHbVdXb0g4elpYVjIyWkU0QWZzTlp2ZXdhN0JhNU4tcVBHRVJYSU5vVl9hTXhTNzI0dzlEWnRoRTQ2bDhjWlZQS245Zw?oc=5
iOS 27,2026-09-18 20:14:59+00:00,"After your iOS 27 upgrade, do these 5 things first - zdnet.com",zdnet.com,https://news.google.com/rss/articles/CBMid0FVX3lxTE42UEljODlCRTdhWEdEQXY1ZTVEV0hPVDhlMHJsbE5na2Z5NGVoVW1WeVdoT2tjbGVzSFh0YXA4bkdKT0dMRHBob3JsVHJuVXI0TV9faUhGX09vdjRtcFg3T05aTk1kWEJtM2ZzejA3bUVYb0JGNGpB?oc=5
iPadOS 27,2026-09-18 20:31:00+00:00,"iOS 27 and iPadOS 27 expand language support for Dictionary, QuickType Keyboard, more - 9to5Mac",9to5Mac,https://news.google.com/rss/articles/CBMitgFBVV95cUxNMmNGN004Tk02TnAyUEU0S1VlN3VtN3VNMmU2Wm5yMmR2bVZPOFpraHpzU0xQVEVzZkJ3RmpBYnhyNTdfenZtV2QzZXgwbU4zSk1id0ZVdUVNaXhFZmhFLWNGeGtoWkxIYU5BZGFxQ0NNOWJ1THRMd052bGlIU2ZZTlRZRVltbVZWX3IwUUQyclZHb0c0NllhRnBNaExWWFJLZzZ6eVdsLVlCeWRoZ3JabTFVVHNfQQ?oc=5
Apple Intelligence,2026-09-18 20:51:40+00:00,Apple Intelligence Now Demands More Storage on Some iPhones - Android Headlines,Android Headlines,https://news.google.com/rss/articles/CBMiqAFBVV95cUxOcEZjdzNaTEJuNlJpSTczcl9zdENrNE4yYzU1SmppaFJlMkRqcjd3dG42YWVqb1k1VkZSeHFsN2NNOExUTXRVUW5HLWF4WXZ4RDVWQnZHTXFQY1dUOXA4TmZ3ZDkxbXNpTW9TMTV0cml3MlJwX3Nma3FXTERFQ3ZjdTlKbEc2YzgzQ3d2aG12LUNSdTBhWklvczI5S0hkendDcUJfYlZuQ1k?oc=5
Apple Intelligence,2026-09-18 21:27:18+00:00,"iPhone 18 Pro, iPhone 18 Pro Max, and iPhone Duo Land at Spectrum Mobile® - Charter Communications",Charter Communications,https://news.google.com/rss/articles/CBMihgFBVV95cUxPd0QxTjdwY1dnRDRLSVlJc3ljdDVyaFl5eVpqU2plTWx6WmtJMXdYQmw3QkY2OVZRWUQyWHlQTlk1Y0N1NDNZamctV3RmV2xNblNySFJqaFhJb3c3Y3QwQjlFaHV0U0w3UTVvVzRvMC11NVBGMk80MV9GLWdzT3dFQmJyTmt2dw?oc=5
iOS 27,2026-09-18 21:55:16+00:00,How to Limit What Apple’s New Siri AI Can Access in iOS 27 - Electronic Frontier Foundation,Electronic Frontier Foundation,https://news.google.com/rss/articles/CBMikwFBVV95cUxPb21MRm1yR1NxX1NJQlJhcUFhUndLUURVeC1lcXF4cVM3ZWZfWHBfaV9JTFJCMkswbTlfWWkyeUJkTDZhQlZEY1J6NzVnX2Q1bklzZkRmWFlIMHIwRTE0OW02NTlSSm9PZkZtaHVuYldqeklZdU9kczZuSXBRdUpZX2h2Z25xTEpsVnkyS3gtSVZmOFE?oc=5
iOS 27,2026-09-18 23:00:00+00:00,How Focus Mode Has Changed In iOS 27 - Engadget,Engadget,https://news.google.com/rss/articles/CBMicEFVX3lxTE1XS2NqU2VSWDh5OTUtSC11VW9id1RGYXBhQ3BMVE1va0Z4RHpBTUhtdVBOOC1HU1d0N2xtX3pDZWE4cDNnTXNGVzJ5UnhXaDl3X2hOSlB6bktkM0sxbzk3RGRsQVBiaktvMnlYaWFnVHc?oc=5
iOS 27,2026-09-18 23:00:15+00:00,This iOS 27 feature is a bigger deal than Apple is letting on - Pocket-lint,Pocket-lint,https://news.google.com/rss/articles/CBMidEFVX3lxTE9HNzl4eHU2cEV3ZkFKbVQ3c2FuOGYzeDlFZHRvejRpYVZNSFl6ZXZyX0dQSFQtM2VFb3R1WkdxT1M2SDR4UnpXbzRPXzIzT3RvVFMtT1RVN2VuQ0lfcWNJMVRvRGJDcld5blZZaTdEQV84aXI5?oc=5
Apple Intelligence,2026-09-18 23:14:17+00:00,"iOS 27 Apple Intelligence Requires 14GB on Some New iPhones, 8GB on Others - The Mac Observer",The Mac Observer,https://news.google.com/rss/articles/CBMiqwFBVV95cUxQQ0pOdEVuczBKMXdKSy0zako3RzIyOXJoSDRETnNIMWJxWmN3c2l4R0ZiNzZ1LVlfVUtDZmpLUUNrUl9Da3hvYXRwWmNzek9POERtbWw2LTZQMTllZV9LMGtHc2ZRY1ZSemh0cjQ3c2NibDFRV2NYMGxCZTZUcVZKQlZyT1p4bElQM2lfV2xudy1oVmxpa1NfM3pDX0xhY0NBN01ZXzlGa3JoUHc?oc=5
Apple Intelligence,2026-09-19 01:16:17+00:00,"20 New Apple Intelligence Features in iOS 27: Siri AI, Photos, Safari, and More - The Mac Observer",The Mac Observer,https://news.google.com/rss/articles/CBMifEFVX3lxTFAxNWhHQXJheUg1aHFCa1FzT2szRDlaeTJseWxVQ0U4Ui1GYUg3MjRrSVpTXzFGYjJPTHdxRkxSSGI2VGFqRnR5bmE4cmRLZ0VBM3hqVk1BaXhsMFVyZlpXSmVBcm9pZUM5eWQzYU5xV3RwYl94alQ0ZGlReHo?oc=5
Apple Intelligence,2026-09-19 05:04:31+00:00,iOS 27: 10 Secret iPhone Features Apple Forgot to Mention! - Geeky Gadgets,Geeky Gadgets,https://news.google.com/rss/articles/CBMiYEFVX3lxTE1pLWR4S1VUQy1BVHJCek1aeG9jNXAweTdLdVE1bXp4OVZqRzRha3J1WmFUaXMzOEQ2UE1fNEd2MjdmMTduTnVLNjhDQlk1VzlNVVF5cnlXZ1Vxa3FsRlBpMg?oc=5
iOS 27,2026-09-19 07:00:00+00:00,Notify Me is easily one of the best features iOS 27 has to offer — but it needs to do better - Tom's Guide,Tom's Guide,https://news.google.com/rss/articles/CBMiywFBVV95cUxQWmRJMWpQYmppOXdaV25MRFNUUjVmZUQxcmlCaldDNm1YYWlHQm9uVkVsdVEtcjBfczdvbHdjS2pOalEzUDRkaG94TFM3TmFONVl6aS1iSmowWlkyLVlBNkhzNDJFZDNFWHlFMG1TZTFjeDBZLTg1S1h3SVdpM0VjaDhBRTJueE4xQklJZ29ZRloxeGY0LWdBSXdZTFR0WlRBNm1GNTBiZ2NMQk9UR1lQMWZKVlRseDR5dGRwaE1XeVZXR1dHaVBQajhGOA?oc=5
Apple Intelligence,2026-09-19 07:00:00+00:00,Notify Me is easily one of the best features iOS 27 has to offer — but it needs to do better - Yahoo Tech,Yahoo Tech,https://news.google.com/rss/articles/CBMiogFBVV95cUxOZDF1WnJNVnluSEtjS3F6SGZJaEllSzBwSThUVW95OTEza3VoWGtfQWRMdGVnYlhCek9qUmUxUHRDbHpUUk1GUURCc084MWJHVERzTVN0UlRxMEF1ZWlRNXdfcEpjRkMyMWJLRmtsRU8zT1JhSGFZVmJYUU9UTXVXellVM1dGM2U4eWNTUWFGWkFYUHB2QnNmQVRjVW9OWS0teWc?oc=5
Android 17,2026-09-19 07:21:03+00:00,"Android 17: Samsung rolls out One UI 9.0 to Galaxy S26, 26+, 26 Ultra - Deccan Herald",Deccan Herald,https://news.google.com/rss/articles/CBMisgFBVV95cUxPd3BabXRQTHNyNFdobXE5dWJ5X1dRVmZidVFXRGR3dndnMzBGcUprZ2NnNFhBRnZQNi1Qb2VVUWcxam1pSU04M1NIVE10cUlyT2ZWbnNrak1HYTNxb2NsSVhHakVjcy1nRndBTE9mNVNxd0pNZ3NDVjhObGh2RlBib3Q5SWVCQnotdXM3b2psVm5WRWNnU0dURGhJbWNwRS1uaGZEX0JCeGVQYzdKU1V4NWln?oc=5
Apple Intelligence,2026-09-19 08:00:00+00:00,I replaced ChatGPT with Siri AI for a day — here's what surprised me - Yahoo Tech,Yahoo Tech,https://news.google.com/rss/articles/CBMingFBVV95cUxPSHR4NEpXNzRxc0JYMUVJcFFHQi1mQ2lHcjY3LXV5TVRVekZUZ0w3Q1Z2V3BTVlZQM2stNktVcFEtdEZoX1ZtUjBWZEJJdW5YbGk3WTVhRXU3eVRoNjV5enY5QktFSG9QZGl1cDMtT0FReFpWUDZyTTNLRG4zQkV3OFctQ3JfTnpqSi05cHluNzBNekFIM2lOZEdzTzViUQ?oc=5
Apple Intelligence,2026-09-19 08:42:14+00:00,Apple’s $250 million Siri settlement: who qualifies and how claims will work - The Mac Observer,The Mac Observer,https://news.google.com/rss/articles/CBMingFBVV95cUxOOXdtTUlabUMxcmFZb3RxZjhjaHFIR3lwaFU2eHVicUFnMzdZUFY2Nmlib1JlVElfTWs4dTg1ckt3cTY4RWhid3ZUdW9EZFFoZnh1V21wc3NDQUVpX0tTUEoyc192cWVQdmkyRjItaVRPWl9GRThFbWQzN1VRSzFKdzRPUU9mWGdNTW00T2cwcmxuSHkwY0hEMmd0VFdpZw?oc=5
Apple Intelligence,2026-09-19 08:54:14+00:00,Apple’s own pages disagree on when Apple Intelligence limits start - The Mac Observer,The Mac Observer,https://news.google.com/rss/articles/CBMingFBVV95cUxOTno3M0poWW1XTUZJdnVzVl9pTnFpclB0NGRHc2JEZkhyV1NlY1pIb3B1ZTRuU29TZGdiYXNwSmR1My1VYWVROEhhNEh1akRCbzlQUEZBeFBkVUdZMkl2NEJhNjNNaUYyY2xPSE5yZHp1RVlMYk0wWXFSVmhPOE5GMkdESzBPMjdCZlAxNUl0WW82RlNJbUVabGRJOElfdw?oc=5
iOS 27,2026-09-19 10:00:00+00:00,I’ve Used iOS 27 for Months. Here Are 7 Things I Like and 3 I’m Still Confused About - CNET,CNET,https://news.google.com/rss/articles/CBMixgFBVV95cUxPajJkeGxDNGFpTDlSRFpibjdjRWpwN0ItUU9OcWpPc3paOG1FVTQwWkVId2lvWUItT3FCaWtYN2tZa3ZPLTljNFdGeldROWJaYlQ2dmNrQXR0Z09JY1RDTkJueWdJVm9Pb19MWVB1ampOc1l4anlONWdhUGVsbnR0Qm5JUEdBZy1pUDh5dV9PRGM2OXAzckFsUjdPT281VGhKanh0a3RfaEpSUkJEX3JpZjZrdjNxbTE3VlNiU3IxYjNKQ1drb2c?oc=5
Apple Intelligence,2026-09-19 10:45:00+00:00,Apple added 5 new lock screen tools in iOS 27 — here's what to change first - Yahoo Tech,Yahoo Tech,https://news.google.com/rss/articles/CBMimgFBVV95cUxQdlhNbC1FYlExN1NpSXFaRFZkVGRUeGJURXV4bjVPa1VxcWNELWYxcEZFdFNCbV82NnU5c2FlWVhXRDVidzI3cXNZZXI2dXcxOEs2emU5Z2hRS1VrTko1c20zaWZlenlLN1U2SzVacUM0MlRDX3YxVXItcGxZMEhrdkxUbVRsa1BZeGZhOVpSN1RUZG5xTXVERU1R?oc=5
iOS 27,2026-09-19 10:45:00+00:00,Apple added 5 new lock screen tools in iOS 27 — here's what to change first - Tom's Guide,Tom's Guide,https://news.google.com/rss/articles/CBMiswFBVV95cUxNai1nUElnanZmX3dDZFUzNXVKajN1U3FfY3VIcDJKRGhTTlJ0TWxuQ203alZrMW9QOU5nT0pzUmlmM21KcVh0Y1BjQWFMZ0ROS001MEw5VmlsZjdDYTktRFo0Tlh6T0RsV1RtaFpVMDZxbHJRenlubzhlekRpc09US0UtWXZxdUpvU2N5TEFMdG0wb0Fkdmt1b1k1eS1SV3JfallsX1ktZ3Awamx3VWdMbkRfSQ?oc=5
Apple Intelligence,2026-09-19 11:00:00+00:00,watchOS 27 eliminates this beloved Apple Watch feature - Yahoo Tech,Yahoo Tech,https://news.google.com/rss/articles/CBMipwFBVV95cUxOT29lcTVJQ01UOS1obDdqcGFhMDZHWWxMYll1OWFMOThHNHRWbDk1bU1tc19aeWRtQ2xtQ205TFlVSUUwRlZtZlY1XzZ3TWIzTFg2X2ZlY1dsaS1TeE03RE1wemtITGxNcHlQQXZNR0Y5aTFTVGdfTHl1OHM0c0ZWMmtsQ1Y3aXNRV3UzckhMdGVyNlQ1aFZrUlZ1TlM2c1FkRXRaeTZXbw?oc=5
Apple Intelligence,2026-09-19 11:22:18+00:00,Apple Intelligence bundles Home app alerts by default: here’s the off switch - The Mac Observer,The Mac Observer,https://news.google.com/rss/articles/CBMimAFBVV95cUxNOWFEZEVjcnN6bTJGRFVQLUs4ZkJvVDcwNVU3aURjeVJjdkpCQjEyUFdyT1FWLWhfbUE2YWNsNFI5XzVVeThuenpMR0p2RDk0QzZDUzNIdVlyT3FtTkkxM21KRDdBYnJaSHNyQ3RxaE90MlZfRmlJWVdTdVctQ1BTdnI3RDFOMkVFYmlEZXl6bDEwSEpORlo2SA?oc=5
Apple Intelligence,2026-09-19 11:24:49+00:00,"visionOS 27 brings Siri AI to Vision Pro, even in the EU where iPhone misses out - mixed-news.com",mixed-news.com,https://news.google.com/rss/articles/CBMidEFVX3lxTE9ac2JsMk5QU0lQckx4MExTX1lmMGs5eUI2cC03VTZDYXYxNHBOd2dScFd1M2pGN0tEbTJITFlfOG56R3NlNW03Z2o0Tlc3S3EyaVA0TUhiWW5Mc3IyUlRjQU9ieXpyR05Sd3lEbzcxTmRZdlFB?oc=5
macOS 27,2026-09-19 13:00:00+00:00,"Top Stories: iOS 27 and macOS Golden Gate Out Now, Siri AI Waitlist, and More - MacRumors",MacRumors,https://news.google.com/rss/articles/CBMiigFBVV95cUxNNHpfUUNjSF9GYXhjM0x1ejc5WWlnUGJoYzFZUUs4VFpZenRSM29iZEhGLVoyTnBIYzBIOGZEaFE3Q00ycWVRNmk3a2wzdjdSQlIybzU0U1BEZmNqMXRkajU3T3JrTEhKWjJaRmZ4d0VhWm41OV8zVF82Qko0NUFIaXZFc2UzYUJpZUE?oc=5
Android 17,2026-09-19 14:45:00+00:00,"New Android Feature Helps You Keep Track Of Important Items, No Tag Needed - SlashGear",SlashGear,https://news.google.com/rss/articles/CBMijAFBVV95cUxPTnkxMXMyeEtuMUhlZFczVll5Qy1vak1FV1A1SHhmSnFWMENENE1teUFIcDk2aWQtY2JOTFVJVzNPVHpqNDNBX0NiejFSQzh6SFhaQTFLMkJKc0JKXzc5aTlXejlTeVpVc3JiTDdZbVhkV2NyZ05CaVlaMy1relliMTZQa2xaLTB4Z3NJUQ?oc=5
Apple Intelligence,2026-09-19 19:28:00+00:00,Apple's Siri AI troubles prove Samsung's messy multi-AI strategy was right - SamMobile,SamMobile,https://news.google.com/rss/articles/CBMiqAFBVV95cUxNRVdIT3VCbkVrVExiSXpMRkRZTVFMNkFaNGo3TDNmbElTMy1NcUY4aF90VnZWUTNNWTNZbmQtR1RoVHhFUURZTVRiX2t3ZWJqTWd4c2l1eDFDVFB4Wjc2N3NWUzBHclZOQTVGaEQwYnlHb21ielo5ZGEwSlVMcXhMa1UwZmZHdmJmQy1MYzhKV2cwZk5WTUVFc2lQT3lnX080Z1ZFUlNjUGs?oc=5
Apple Intelligence,2026-09-19 19:58:51+00:00,Siri AI Is a Joke Again—If You Live in these Regions - zeera wireless,zeera wireless,https://news.google.com/rss/articles/CBMilwFBVV95cUxOam5TS2V2X2h2LVRuMk5SVnhSMHc4U21qdXlnY3dTbWZWMjZSTGROYk9yWXVpTi1td1FybmZXYW5RMlpaMk10WExOTE5nU2pSZ3NFSEQ5cXNYLTdxT0dQRFZ0LXNYemVpUnNCNE9HaXlJekdQYk1hNVFnYktRcUtOb2QycFpRcnRjRUVqT3BycVpmd3pTdGpv?oc=5
iOS 27,2026-09-19 20:25:59+00:00,Our fave iOS 27 features and exciting new Apple gear [ Cult of Mac podcast 33] - Cult of Mac,Cult of Mac,https://news.google.com/rss/articles/CBMingFBVV95cUxNT2lqOWl1RzJLSjVORC1rY0R5TzYwSkZvbHNlV1JoVEkzMkZWeHpibmJJWWVIWXpPTmEyNnNOSk5sSFM1bk8yc3VRMS1vYUR1UU94VFozWXNqUHpraHVOTl9vaFhWeWdwS0JfY1FvbzdhM0hObVhwQXJpTTZHSXQ1VWxCc2Rwb3ItMXNZRzdDa0VQWUtRVkNsclA3UTJRUQ?oc=5
macOS 27,2026-09-19 22:00:00+00:00,Every MacBook getting macOS 27: See the full compatibility list - Mashable,Mashable,https://news.google.com/rss/articles/CBMikwFBVV95cUxPMkhETGNTZllvMHhyQjB1cm9zdDU5a2pyODh6Nlhxa2Q3OVBlT29ZaTRSVnUxN2wzblM4VVoxaV9JbUcyektmb1dvZHpuRm5ZcUZuTllvMnozQ1VaNUlCUE5PZ0Z3VVFSQkw5MEtULVV5SDdDMnZLMUtPNmxwVzZud0RyelNjZ2g1N05XM3YtTUNMeDA?oc=5
Apple Intelligence,2026-09-19 23:30:11+00:00,Apple Just Quietly Doubled the Storage Needed for Apple Intelligence on Newer Devices - Appleosophy,Appleosophy,https://news.google.com/rss/articles/CBMirAFBVV95cUxPMGZjRVFNTDhvVmdqZDFKT2ljRS1GV2p5NXJjaFRhNXlUTlNxcGNydTZIclpFMkg0bGlLb1pnM21SX2tHODV1Q2dEM0ZiTUFfVUhSajJET1o1VERZWGZwMTFHN1hYNjNqZXZReUlQUy1abldSSk51aGltV20xS2pwRjF0ZzhRdWtBSTB1aldUYnZsd0N3dDhrZmk5SjZ5VXFDVWU2dExlLWZwdzFO?oc=5
iOS 27,2026-09-20 00:16:00+00:00,iOS 27 makes your iPhone faster in these 30+ ways - 9to5Mac,9to5Mac,https://news.google.com/rss/articles/CBMimgFBVV95cUxQaWJ3a3l4R0hHVFRrX0VGV05GbE42WUVRSk5FMjkxLU1udlJMY2twWk9vRlBXU21RTjBGQzVnQm44NjR4MnlaaHVmV1ZfTWM5Qmh2RVRsYUliZ2lNUzI1Y0VjMzgzUmg5a2hNUTdKQjFQQkxhRVdzcHI5RG9ETGJ0VHN2ODhRNGtxTDVKUTY1bjB5a045OGJDc2Jn?oc=5
macOS 27,2026-09-20 01:51:49+00:00,Apple releases Golden Gate update with new Siri AI for Macs - The Daily Star,The Daily Star,https://news.google.com/rss/articles/CBMirAFBVV95cUxQTUZ1akZkMFRBX0pCOEo5RXdOcm1IeEpJbF8tbGdqdzJ5ZjB0cXcyOWI0RHlMSk9ZT1NHQlViUS01dnp1YWhzVGgwbjB5ZVB6UTVqNWt2MDhMSFI3RHpUVXpzRFBLRVlheUdkZmJla3dXMTJhRjJlQUFDejdkUWVfQVgyN1JfYjRud2ZuN1lkWmxlZW9xZ1JIblBQUEZHTkN4Z0duNVB4Si1CZExn?oc=5
iOS 27,2026-09-20 09:00:00+00:00,iCloud Photos Sync Immediately in iOS 27: Here’s what it does and when it pauses - The Mac Observer,The Mac Observer,https://news.google.com/rss/articles/CBMirgFBVV95cUxORktFbFhDOENJQkdJYUpWLWpTNnM3di1GbkNhRVFYcFlGRmp2Y1ljOHo0UXMwZ2ZSOE5ESHBNekEyc3NUYTVQSEhjT0lIekJJeDk5V29TekhXOUJySjI0aE9jeWdKc2tocXFHN2VrSldKNkswX1RPQVEyRDZqeGx6Y1JZWVlkbDlKemd6YmFVVmdZNE5talVEZE43dG9CTFZNd21ydEFBR3NaV1ZHSlE?oc=5
Apple Intelligence,2026-09-20 09:00:00+00:00,How to report a bad Siri AI answer to Apple with Report a Concern - The Mac Observer,The Mac Observer,https://news.google.com/rss/articles/CBMioAFBVV95cUxPbU44ZzgyUFYyeHFBb1VVSERXeS13RFNjWVNRXzdWN2hEbjQzZHRFR0dLVUdjdmhNZ214bEdNUGZQUWVTMkt3ZF9fOVVQNTBxX1Rhdm1LWExvY2lxWVg3b1dkbzJSSy01Ql9pMXRRamFJYTIxcmdYbEg2YVR3Yk04b1VzNmUzMm9Bd2ZaS3p0SnlNYVdWX0JoT1pBdFBpRlVj?oc=5
iOS 27,2026-09-20 09:00:00+00:00,How to rate photos with stars and add keywords in iOS 27 Photos - The Mac Observer,The Mac Observer,https://news.google.com/rss/articles/CBMimwFBVV95cUxOS2RTSWY0OW10U1RUZm9ZX2RUT1RaLVZPQnVaZ2pmR3ZyYllVMGk0RnpsQU5HUG1kZm1SaHR6akdpSFpkQlMwTlRVcU9wZ3RwWnhRczFBa05VSjBydzhuR3liemNyVHJmT2dhTjZJV3VzOURzQi1ZWXV5UlQzN3UyeENHM0QxanRldXJibkhoZXRfOGFhRmFQX1ZvOA?oc=5
iOS 27,2026-09-20 10:00:00+00:00,The iPhone Duo Will Run iOS 27.1 at Launch in October - CNET,CNET,https://news.google.com/rss/articles/CBMiqgFBVV95cUxQdFlqNFltbVBkQnJObWFPLXZKbFhRRkUtY1FhS0FaRklremZRbmp6aDFVZ255a1l0aXhEeW85aVRtSlR2a1FaYUFsNVdmUi1OdTlaeGg3TlZIeVMxdnM2LW9CSEk5MVJfU1Bwbmp6MkxIVUV2LXZYNGlBUkRBY3ZfcFFmM2RKTWxBU3lnaDVncGpNaDRMOUxDSFJBS1pkYVdvMkJ5NHB3WVAwUQ?oc=5
iOS 27,2026-09-20 10:12:46+00:00,iOS 27 Apple Intelligence: New Features Explained - NeoTeo,NeoTeo,https://news.google.com/rss/articles/CBMipAFBVV95cUxQdjFVS3B5REhnWGM3WHNsWVRTdEdPaEJNeGREZV9LOGItazBweDRGMnFnV0Q0aGhPamdqSHpkcnJXa2tlR0E0OThydldoWEl3RVBJTnhPcWZ4cjd0ZGdPZVg4eUxPa0RUQVZXaUs4ZE9URldjd1BhRXVGSlRFY18wN21tSnpEVzNrSlc3R0xuX3N1VVkxeTRrbXhGbzNaRUdqd29rNA?oc=5
iOS 27,2026-09-20 10:27:43+00:00,iOS 27 battery drain: What to know - Mashable,Mashable,https://news.google.com/rss/articles/CBMia0FVX3lxTE96Yno2b3A0bGdqRjNSTzRHRF9UUVlidGp3cnJlNHdLQ0FkWkV4b2hRVl9ZNHkzVEF4VURaWjB3aDRiMTFRTlEtdU95VTZnZmFKdzVVeXVIZEVPZThlcTc4c2hQQVdQOVNGWkpF?oc=5
iOS 27,2026-09-20 11:00:00+00:00,T-mobile customers will have to pay monthly fee for iOS 27 feature - Cleveland.com,Cleveland.com,https://news.google.com/rss/articles/CBMirwFBVV95cUxNTk1OM19kRmhVTHVjUXlzWFExR2xHNm82NVliRk96eTMtWFBZS3JKYkV2NG14TmNzZ0phVGhGZWE1QzJPMTdKbFhlSkl3NTJ2SHNCX2JpN3R5MTJXUFhkZDdpUElkblFmS24wTDJpVy1CV180SDl1a3I5Q3cxQmFGZ05tMEtMMWYtVWF3VmZrTEZOemM4bm9jaEo4T1dFVmNIbnJ2Q3dPVDdqN1BpRUln0gHDAUFVX3lxTE1zYWUyX1pMenlNU1pVOEt4VHJ5aXFOcC1CTDZjc0V4N1duc3F0WTRCcEJsSVR5VXJLT0RzS3IwZGRzUTFpTEozLTRYSFRTRDNTYl9XaTBjNE1uUExuNVRWYkJ1SFl3R0c4RE9QQWllU1ZrenlYMko0eGtTWmNySkVDdGI4Wm1JNTlndUFHcm9UV2xOWWFKNlU5bW5jLWR3TmV4bHhsRmJiMVR6bmJoYU9yVVFYY0ZYQmFyRWpBS05MV3cyUQ?oc=5
